week,cup_number,pH,temperature_C,shading,subsidy,larvae,chlorophyll_ugL,date,po4,no2,nh4,no3,bact
0,1,NA,20.9,shaded,litter,present,NA,302,0.8992821732376283,1.0747135237976135,4.611720984616728,10.486901211932558,0.8451338987880116
0,2,NA,20.9,shaded,litter,present,1.6404761904761906,302,1.965432731449853,0.1428526184888062,2.198419795224701,1.7436626540313482,0.8378831204549051
0,3,NA,20.6,shaded,litter,absent,1.625531914893617,302,3.0950446324128036,0,0.29647115345824304,2.5524056745904633,1.1803986521820318
0,4,NA,20.7,shaded,litter,present,3.1173913043478265,302,2.14312449115189,0,1.1247503459932489,1.7730911695848612,0.7007410806559244
0,5,NA,20.6,shaded,litter,present,1.2704545454545453,302,1.115050738590103,0,1.341676595608042,2.016849733005589,0.42151681125724516
0,6,NA,20.6,shaded,litter,present,1.6065217391304352,302,1.140435275690393,0,1.1768184692462587,2.2992742469045675,0.3448090814334387
0,7,NA,20.5,shaded,litter,absent,0.9000000000000001,302,1.6227414805959226,0,2.664536795326197,1.2340685193812775,0.4644522020222515
0,8,NA,20.6,shaded,litter,absent,0.610204081632653,302,1.1023584700399571,0,1.642974755855739,1.7471175601638653,0.4103087144581772
0,9,NA,20.7,shaded,litter,absent,0.8526315789473685,302,0.8992821732376283,0,1.5999701368405264,2.0455797376814977,0.30323960022064594
0,10,NA,20.7,shaded,litter,absent,0.965217391304348,302,0.7723594877361729,0,1.019707665597083,1.5679373034144977,0.2704195786129369
0,11,NA,20.7,shaded,litter,absent,0.36444444444444446,302,1.2038966184411208,0,1.0838043425529797,1.6457227023370558,0.38432587908245264
0,12,NA,20.8,shaded,litter,absent,0.6681818181818181,302,2.0288940742005805,0,2.8988223712075443,1.3347755484182136,0.4219380418292837
0,13,NA,21,exposed,litter,present,0.22249999999999998,302,1.381588378143158,0.33009485760563595,4.499016912264256,1.8889794374484958,1.0122160924286783
0,14,NA,20.9,exposed,litter,present,0.8309523809523809,302,3.6408121800690627,0,2.2352559252554167,2.636047778417785,0.20765940316354187
0,15,NA,20.8,exposed,litter,present,0.36739130434782613,302,1.1912043498909748,0,0.8809370123185323,1.421615742980312,0.401418844662414
0,16,NA,20.7,exposed,litter,present,0.3239130434782609,302,1.0769739329396655,0,1.9486375800436977,1.7196244225318877,0.7524335694969305
0,17,NA,20.8,exposed,litter,present,0.3130434782608696,302,1.0388971272892296,0,2.520218548718781,2.2847195836398564,0.24457715342789166
0,18,NA,21.1,exposed,litter,present,0.33478260869565224,302,0.8738976361373382,0,1.8352831810742627,2.144230002739587,0.25633925251876155
0,19,NA,20.7,exposed,litter,absent,0.33478260869565224,302,0.7469749506358828,0.010398062354770313,4.111735266077299,1.6264020897833538,0.26878048715028047
0,20,NA,21.2,exposed,litter,absent,0.8613636363636363,302,1.1277430071402472,0,2.234838315948161,1.8395930516915633,0.3530121772176368
0,21,NA,21,exposed,litter,absent,0.3520833333333333,302,0.7723594877361729,0,2.5232935960356135,2.4568062684405296,0.26399598448207445
0,22,NA,20.8,exposed,litter,absent,0.5521739130434784,302,1.1023584700399571,0,2.959027176582931,1.6405161779666648,0.999353627225121
0,23,NA,20.9,exposed,litter,absent,0.37826086956521743,302,0.8865899046874823,0,1.196929703082872,2.3336406689445397,0.25319384131321215
0,24,NA,20.9,exposed,litter,absent,0.3130434782608696,302,0.6454368022347176,0,0.9814448522575562,1.6528904503982922,0.15474141496100136
0,25,NA,20.6,shaded,litter_feces,present,0.20434782608695656,302,4.592732321329976,0,2.7863473372946155,1.0040059536363815,0.3720174161706973
0,26,NA,20.9,shaded,litter_feces,present,0.2977777777777778,302,1.0769739329396655,0,0.6826265957622244,1.6432113199936904,0.22639146020615936
0,27,NA,21.1,shaded,litter_feces,present,0.15000000000000002,302,0.9119744417877741,0,0.3702951956857215,3.098008265947261,0.4644522020222515
0,28,NA,20.7,shaded,litter_feces,present,0.3239130434782609,302,0.9119744417877741,0,0.8383389660000751,1.4191656138648336,0.46035447336561075
0,29,NA,20.6,shaded,litter_feces,present,0.6523809523809524,302,1.4577419894440315,0,3.3812822658337045,2.943160704350596,1.202993448325429
0,30,NA,20.6,shaded,litter_feces,present,0.378,302,1.6481260176962145,0,1.6582791454175165,1.831224964443436,0.8270886157569588
0,31,NA,20.9,shaded,litter_feces,absent,0.20227272727272724,302,1.0135125901889377,0.18449436073522282,1.7794614339899701,0.2908424957135203,0.5356962936372038
0,32,NA,20.8,shaded,litter_feces,present,0.4380952380952381,302,1.6100492120457786,0,1.0995263414220124,1.9743978848845387,0.4565222881484964
0,33,NA,20.7,shaded,litter_feces,absent,0.3547619047619047,302,0.7215904135355911,0,0.809396945235374,1.450799245622277,0.09047491976871308
0,34,NA,20.8,shaded,litter_feces,absent,0.5195652173913045,302,1.80043324029796,0,1.2711566391369402,1.3938292620935548,0.6590311892524523
0,35,NA,20.9,shaded,litter_feces,absent,0.19347826086956524,302,8.057721635519705,0.3925707074290831,1.8237262386672803,2.1778366606740676,0.6493217737253609
0,36,NA,20.4,shaded,litter_feces,absent,0.32083333333333336,302,1.0642816643895194,0,4.418152373736106,3.6055456366184853,0.3100767864526305
0,37,NA,20.9,exposed,litter_feces,present,0.6173913043478261,302,0.7977440248364647,1.3684487734232889,2.0671182841645765,0.3751583850475983,0.23186273688593045
0,38,NA,20.7,exposed,litter_feces,present,0.20434782608695656,302,2.980814215461494,0.7400582064078303,2.386825312252215,0.8348159752882173,1.6155122953641414
0,39,NA,20.9,exposed,litter_feces,present,0.2704545454545454,302,2.0162018056504345,0.3368972202945577,2.4413868736744093,1.946475974657353,0.4689635227800151
0,40,NA,21.3,exposed,litter_feces,present,0.14047619047619048,302,2.2954317137536355,1.9323356729636503,2.0830619637328187,0.8239365056967234,0.549776619731379
0,41,NA,20.6,exposed,litter_feces,present,0.10476190476190475,302,1.940048194349561,0,2.8082598983691445,1.9290176843111073,1.111480426041301
0,42,NA,21,exposed,litter_feces,present,0.2422222222222222,302,3.8565807454215357,0,1.5488901954319203,1.749971736503706,0.3242975227374849
0,43,NA,20.9,exposed,litter_feces,absent,0.09361702127659574,302,1.8385100459483976,0,1.3993794240100654,1.318959292738723,0.6433041332247047
0,44,NA,20.9,exposed,litter_feces,absent,0.11249999999999999,302,1.724279628997088,0,4.35193086154227,1.6585268677623546,0.38787724391820816
0,45,NA,21,exposed,litter_feces,absent,0.2704545454545454,302,1.4577419894440315,0.8940347029612867,1.4523073369049038,2.686867713786963,0.464179020111809
0,46,NA,21,exposed,litter_feces,absent,0.19090909090909086,302,0.8485130990370464,0.0013871756446255834,3.5497786543091365,0.4911772003944941,0.46212633654803037
0,47,NA,21.1,exposed,litter_feces,absent,0.21799999999999997,302,1.4323574523437397,0,2.70841710052775,2.43330751350586,0.39389488441886444
0,48,NA,20.9,exposed,litter_feces,absent,0.13333333333333336,302,1.0642816643895194,0.004159224941907952,1.4159292837532744,0.629191926808438,0.4897482633864113
1,1,NA,NA,shaded,litter,present,0.6040816326530613,305,1.5380376170485346,0.04431827170795452,3.4454195651395585,0.9827617489087282,0.21132871944990478
1,2,NA,NA,shaded,litter,present,0.5020408163265306,305,1.807766166990373,0.06647740756193178,0.601229419351976,0.3168763989187599,0.5070815174811829
1,3,NA,NA,shaded,litter,absent,0.7166666666666667,305,1.2143766798134257,0.07755697548892038,0.09780811665447811,0.11666588166119722,0.44877511955180516
1,4,NA,NA,shaded,litter,present,0.6375000000000001,305,2.064184841073493,0.03928210446841423,1.884108481301276,0,0.3974221873878431
1,5,NA,NA,shaded,litter,present,0.6869565217391306,305,2.7650593541700403,0.02920976998933365,0.8627336700496101,0,0.5776908098378519
1,6,NA,NA,shaded,litter,present,0.4808510638297873,305,3.104507869856882,0.05741230653075922,1.1189880781405699,0.21454657898711685,0.7228905157849955
1,7,NA,NA,shaded,litter,absent,0.4043478260869566,305,1.0755536824484244,0.06647740756193178,1.3995618391236597,0.011369979992404888,0.5499348898262781
1,8,NA,NA,shaded,litter,absent,0.6045454545454545,305,0.8080276747748417,0.03525317067678196,0.19422510328096834,0.06624249212966278,0.5458339250171811
1,9,NA,NA,shaded,litter,absent,0.448936170212766,305,7.026583925519727,0.04028933791632225,1.3022872962508225,0.16412318945558252,0.6449721844121499
1,10,NA,NA,shaded,litter,absent,0.3659090909090908,305,2.1374364694210435,0.09770164444708153,0.9419029155336915,0.012853020860979367,0.9140397396592523
1,11,6.85,22.5,shaded,litter,absent,0.5023255813953489,305,2.5102356244880717,0.04230380481213842,0.6651860061374026,0.17005535292988042,0.5881499800110194
1,12,NA,22.6,shaded,litter,absent,0.8666666666666668,305,2.528339669808142,0.15007778373830052,1.3940979660423585,0.3806471562674651,1.059954549583033
1,13,6.86,23,exposed,litter,present,0.4913043478260871,305,2.7514671055539113,0,0.5742328925922131,0.23827523288430935,0.17459782279341118
1,14,NA,NA,exposed,litter,present,0.632608695652174,305,5.245114982263386,0.008057867583264476,1.188515911831571,0.18191967987847688,0.2411061503409832
1,15,07.01,22,exposed,litter,present,0.5854166666666668,305,3.522144746561501,0.04733997205167871,0.29087458391721743,0.12259804513549524,0.3392935760838456
1,16,6.37,22.7,exposed,litter,present,0.5872340425531916,305,2.5406621991328158,0.016115735166528884,0.8770887725019176,0.08848810515828089,0.40182078239761276
1,17,NA,NA,exposed,litter,present,1.0456521739130438,305,6.867302441099625,0.08259314272846066,1.5739683935150641,0.11666588166119722,0.4727277049549544
1,18,NA,NA,exposed,litter,present,0.6355555555555557,305,5.261738007782388,0,0.49431418185997866,0,0.39534273345825044
1,19,NA,NA,exposed,litter,absent,0.8173913043478263,305,5.293379778161342,0.0040289337916322035,0.7559250892079659,0.42217230058755256,0.1796496212546143
1,20,NA,NA,exposed,litter,absent,0.6791666666666667,305,6.203243616510322,0,0.7617103665881662,0,0.23718297215726658
1,21,NA,NA,exposed,litter,absent,0.5765957446808511,305,5.305018759885524,0.03827487102050615,3.102804199846752,0.05586120604964101,0.474331742058494
1,22,NA,NA,exposed,litter,absent,0.542,305,10.480024118178026,0,0.6767565608978044,0.1567079851127098,0.24960571015985014
1,23,6.72,22.8,exposed,litter,absent,0.7630434782608697,305,10.262054051869995,0.11583184650942659,1.0052166937213178,0,0.3110622392462188
1,24,NA,NA,exposed,litter,absent,0.6166666666666667,305,8.404485365264048,0,0.538023014988623,0.043996879101044765,0.22297841042576283
1,25,NA,NA,shaded,litter_feces,present,4.067391304347827,305,18.001815773994103,0.2709457974872673,9.664522061283595,0.8893301741885323,1.889617692249011
1,26,NA,NA,shaded,litter_feces,present,2.8391304347826094,305,19.288627364137664,0.6728319432025821,5.525559460139569,0.9308553185086192,2.7815104110280835
1,27,NA,NA,shaded,litter_feces,present,3.3090909090909086,305,22.493063317976087,0.27598196472680764,4.5935300237646715,0,2.418773868623181
1,28,6.58,22.1,shaded,litter_feces,present,5.189583333333334,305,22.344965116879834,0.2185696581960484,12.130757963738818,0.2501395598329056,2.4836162585420096
1,29,NA,NA,shaded,litter_feces,present,4.863829787234042,305,23.861110594730846,0.2528155954249224,12.039161324421908,0.8136950898912305,1.8269126993098634
1,30,6.45,22.3,shaded,litter_feces,present,5.6959183673469385,305,25.69320811187807,0.31123513540358966,9.916384183014227,0.43700270927329776,2.365994685981059
1,31,NA,NA,shaded,litter_feces,absent,7.1191489361702125,305,25.427770721872662,0.2356926268104853,17.933976206236768,0.6327641039251368,2.111846796442098
1,32,NA,NA,shaded,litter_feces,present,4.710416666666667,305,24.260424913173132,0.20446838992533564,17.386977645161394,0.2427243554900331,1.7528556455955313
1,33,NA,NA,shaded,litter_feces,absent,5.135555555555555,305,17.438738936861817,0.282025365414256,25.982860426363924,0.06179336952393923,1.9859034506876618
1,34,6.59,22.3,shaded,litter_feces,absent,5.697826086956523,305,18.407367306832114,0.29310493334124454,5.7528889156773655,0.35543546150169825,2.0842686630559046
1,35,6.35,22.1,shaded,litter_feces,absent,4.536363636363636,305,23.28920491600974,0.3626040412469005,11.384168050220438,0.3020459902330147,2.168549157267936
1,36,6.61,22,shaded,litter_feces,absent,6.436956521739131,305,22.893811345094846,0.25986622956027866,13.21769638327041,0.9723804628287067,1.787507088322432
1,37,6.54,22.5,exposed,litter_feces,present,5.076595744680851,305,27.445304440499207,0.20950455716487593,12.196320854844824,0,1.6818288794628973
1,38,6.53,23,exposed,litter_feces,present,4.218181818181818,305,21.62731567879751,0.21252625750860005,8.56022709243748,1.5804272189442676,1.7536866356723448
1,39,NA,NA,exposed,litter_feces,present,2.915217391304348,305,52.45834562392625,0.23972156060211752,5.170959639628719,0.4444179136161703,1.5678907979350796
1,40,NA,NA,exposed,litter_feces,present,2.8770833333333337,305,22.846922980655773,0.1863381878629905,4.9458800141832215,0,1.5176085429985156
1,41,6.68,22,exposed,litter_feces,present,5.3500000000000005,305,27.881814196115677,0.25785176266446264,5.698145679735767,0.05734424691821549,1.7334794418275319
1,42,NA,NA,exposed,litter_feces,present,3.92608695652174,305,28.95269702649479,0.31022790195568156,8.011615772476242,0.2575547641757783,2.168549157267936
1,43,6.57,22.3,exposed,litter_feces,absent,7.032,305,29.86485802936121,0.23871432715420957,6.109203131506989,0.002471734780957602,1.9469113560010793
1,44,6.41,23,exposed,litter_feces,absent,5.850000000000001,305,28.60112519207464,0.27799643162262366,5.499313115801879,0.17450447553560416,1.9914306659749181
1,45,6.55,22.9,exposed,litter_feces,absent,3.8999999999999995,305,18.532491343413554,0.21051179061278386,5.641688765649314,0,1.6768969245769858
1,46,6.54,23.1,exposed,litter_feces,absent,5.110869565217392,305,23.92249539215405,0.2729602643830835,5.242201151464572,0,2.3853708897490584
1,47,NA,NA,exposed,litter_feces,absent,3.436956521739131,305,25.9483263042357,0.34648830608037157,5.528987533603195,0,2.0089052024387044
1,48,NA,NA,exposed,litter_feces,absent,4.2042553191489365,305,27.879763553314195,0.35857510745526827,5.209954782098135,0,2.8080139097117636
2,1,6.49,23,shaded,litter,present,1.609090909090909,312,4.23408805231662,0.31768001678778474,0.8558423037664729,NA,0.7383151041733393
2,2,6.31,22.8,shaded,litter,present,1.6204545454545451,312,5.957963178795097,0.8570742119587109,1.3532608726219164,NA,0.9366738730301114
2,3,6.30,21.7,shaded,litter,absent,1.507317073170732,312,4.472645408739314,0.31768001678778474,0.6770588085781544,NA,0.5730161301260289
2,4,6.53,22.4,shaded,litter,present,1.8543478260869568,312,5.360253637650462,0.5427033620124657,1.593153125819033,NA,1.3003316159341944
2,5,6.43,22.1,shaded,litter,present,NA,312,0,0.1621491752354319,0,NA,0.8970021192587572
2,6,6.28,21.8,shaded,litter,present,2.026666666666667,312,4.429928261072755,0.8636925456417899,0.9404537258425276,NA,1.0027934626490356
2,7,6.62,22.6,shaded,litter,absent,4.104347826086957,312,3.945773018827791,0.7445625393463704,1.3374116383272892,NA,0.8176586117160483
2,8,6.65,22.5,shaded,litter,absent,1.46304347826087,312,7.68802398553691,1.2806475676757576,3.081952246042669,NA,0.8044346937922631
2,9,6.78,22.2,shaded,litter,absent,1.4851063829787232,312,11.91754470358411,0.31106168310470594,1.1881528231590073,NA,0.7317031452114467
2,10,6.17,23.7,shaded,litter,absent,3.6232558139534885,312,4.256587290609059,0.5096116935970714,1.9251257952683654,NA,0.8441064475636177
2,11,6.81,23.4,shaded,litter,absent,1.7021739130434785,312,6.920365709746623,0.4401191899247433,2.5020786351089237,NA,0.8573303654874025
2,12,6.55,23.5,shaded,litter,absent,2.336363636363636,312,7.038087133411413,0.2481875131154569,1.149354148618097,NA,0.6192998428592758
2,13,6.57,23.6,exposed,litter,present,0.8326086956521741,312,9.37542318995715,0.5989591983186361,3.6440485753900624,NA,1.055689134344175
2,14,6.51,22.6,exposed,litter,present,0.8869565217391305,312,9.438080520272898,0.3706266862524157,0.7041923122729753,NA,0.6655835555925226
2,15,6.39,22.7,exposed,litter,present,0.9833333333333333,312,7.046544681053712,0.8339100440679351,1.2374469972232354,NA,1.551586056486106
2,16,6.68,23.8,exposed,litter,present,1.1545454545454545,312,5.602292651619727,0.57579503042786,2.521144825473657,NA,0.8110466527541557
2,17,6.78,22.1,exposed,litter,present,1.3477272727272724,312,14.355267140594329,0.7776542077617647,6.347320329435827,NA,2.040871019666145
2,18,6.46,22.9,exposed,litter,present,0.9195652173913045,312,10.950697321142535,0.36400835256933667,5.450273350991571,NA,0.7317031452114467
2,19,6.46,23,exposed,litter,absent,2.185714285714286,312,11.943581144768103,0.6883067030402005,4.663556701372756,NA,0.8705542834111872
2,20,6.61,22.9,exposed,litter,absent,1.9125000000000003,312,9.099689490952844,0.5427033620124657,2.0390162519653887,NA,0.5597922122022442
2,21,6.84,22.9,exposed,litter,absent,1.5608695652173914,312,9.128618259850011,7.673957905529927,0.9910548711066162,NA,1.1482565598106687
2,22,6.52,21.8,exposed,litter,absent,1.3291666666666668,312,14.159525815106075,0.6618333683078852,4.107117030120311,NA,1.022629339534713
2,23,7.12,23.3,exposed,litter,absent,1.4958333333333333,312,13.559488861237487,0.8272917103848562,2.484167988967345,NA,1.214376149429593
2,24,6.54,22.3,exposed,litter,absent,1.786,312,14.085141999442047,0.9034025477402633,2.2059481533411223,NA,1.6507654409144923
2,25,6.97,22.3,shaded,litter_feces,present,8.422916666666667,312,12.210243551452528,3.014650992642416,17.19149370860627,NA,2.530155982846183
2,26,6.89,22.4,shaded,litter_feces,present,4.778260869565219,312,12.896279715643452,3.28269350680711,15.256943838958545,NA,2.6359473262364617
2,27,7.14,24.6,shaded,litter_feces,present,5.222727272727273,312,24.633983010950864,1.4262509087034922,11.470435147516664,NA,2.543379900769968
2,28,07.01,23.1,shaded,litter_feces,present,8.931914893617021,312,28.09558939544429,1.929244268617485,22.19471928942224,NA,2.589663613503215
2,29,6.86,22.5,shaded,litter_feces,present,7.810869565217393,312,26.866420082774994,2.3495084574929916,22.929424132153386,NA,2.5169320649223983
2,30,6.79,22.9,shaded,litter_feces,present,8.568750000000001,312,28.381753113783482,2.8392651500408266,18.395591727079044,NA,2.5764396955794298
2,31,6.85,22.5,shaded,litter_feces,absent,6.102127659574468,312,20.84758567091037,2.164195114366784,38.7926722040478,NA,2.4838722701129363
2,32,6.95,22.7,shaded,litter_feces,present,11.850000000000001,312,29.279791362029513,2.581150136400751,29.62467597844877,NA,2.331797213989411
2,33,07.01,22.2,shaded,litter_feces,absent,6.802272727272728,312,16.599365690882394,1.5685450828896874,37.58477814448767,NA,2.2921254602180565
2,34,6.97,23.4,shaded,litter_feces,absent,6.881818181818181,312,20.69211078225266,2.2237601175144937,6.082843220924325,NA,2.1532743220183153
2,35,6.87,23.6,shaded,litter_feces,absent,8.661904761904763,312,31.83567958546442,2.465329296946872,28.420719042836296,NA,3.1516801252640696
2,36,6.98,22.6,shaded,litter_feces,absent,7.617073170731709,312,23.87595545070421,1.743930925491277,18.6044248684653,NA,2.239229788522916
2,37,6.97,23.1,exposed,litter_feces,present,5.612765957446809,312,25.367557784291208,1.5619267492066085,25.80500843287105,NA,2.682231038969709
2,38,07.07,23.3,exposed,litter_feces,present,4.7666666666666675,312,19.724565725170446,1.849824264420539,31.594444100201073,NA,4.282325107747672
2,39,6.6,22.3,exposed,litter_feces,present,9.13404255319149,312,26.399911486838803,2.47525679747149,27.505743259950556,NA,2.7417386696267405
2,40,6.73,23.5,exposed,litter_feces,present,6.1625000000000005,312,28.408499437030205,1.7240759244420403,26.283218163118192,NA,2.311961337103733
2,41,6.90,22.8,exposed,litter_feces,present,4.476000000000001,312,33.88722853366377,2.236996784880651,17.250677386651716,NA,2.6293353672745687
2,42,07.08,24.3,exposed,litter_feces,present,6.602380952380953,312,34.20692030100305,4.321771895050489,60.50898190642498,NA,2.2921254602180565
2,43,6.99,23.1,exposed,litter_feces,absent,5.897826086956523,312,33.82460507973157,1.161517561380338,4.223673232944692,NA,2.7020669158553856
2,44,6.90,24,exposed,litter_feces,absent,13.669565217391307,312,27.616999373128458,1.6645109212943308,6.055287150817326,NA,2.7747984644362025
2,45,07.01,24.1,exposed,litter_feces,absent,7.419565217391306,312,13.787140705064605,2.1608859475252444,8.862591775818547,NA,2.351633090875088
2,46,6.54,23.1,exposed,litter_feces,absent,8.180434782608698,312,22.131674109855204,1.260792566626521,26.359482924577126,NA,2.424364639455905
2,47,6.96,23.4,exposed,litter_feces,absent,5.214583333333334,312,28.799182784215468,2.12779427910985,15.452101289846144,NA,3.290531263463811
2,48,7.07,22.9,exposed,litter_feces,absent,3.610416666666667,312,34.139620352661495,3.85848853723497,59.394070102984415,NA,2.609499490388892
3,1,6.79,21.8,shaded,litter,present,1.2000000000000002,319,9.517826888512968,0,1.2148304466259159,0.7665450853617526,0.42090883979384275
3,2,6.82,21.7,shaded,litter,present,1.5954545454545452,319,10.49510696673303,0,2.6728886483513437,0.6056428255079466,0.7376070519650166
3,3,6.23,20.4,shaded,litter,absent,1.6021739130434784,319,7.416255663589352,0,1.1143528486887957,0,0.5243594285811322
3,4,6.38,21.2,shaded,litter,present,2.1181818181818177,319,5.817622980410065,0,0.9955793411327172,0.4313680650022046,1.0852879955365005
3,5,6.37,20.9,shaded,litter,present,1.7217391304347829,319,8.553695691916786,0,0.8945332812199112,2.2657697543242032,0.6241854592882914
3,6,6.15,20.8,shaded,litter,present,1.6083333333333334,319,5.671246128855348,0,0.8931121262806968,0.06231694667605864,0.6673517512253337
3,7,6.8,21.4,shaded,litter,absent,12.11875,319,5.680838865557145,0,0.8066981213480917,0.18208232856910894,0.5385443771540229
3,8,6.92,21.4,shaded,litter,absent,2.566666666666667,319,6.347929629296473,0.3634883490420098,3.3192298953266097,0.3982442373516883,0.8682777626446393
3,9,6.9,21.4,shaded,litter,absent,2.341860465116279,319,11.802843296380015,0,0.8283619728305498,0,0.9053377753367156
3,10,6.51,22.1,shaded,litter,absent,7.794,319,9.643659230388138,0,1.4644086078370728,0,0.8768657630544414
3,11,6.8,21.9,shaded,litter,absent,8.806250000000002,319,6.8099377059139,0,0.7463905373064166,0,0.5655533304352169
3,12,6.72,22.2,shaded,litter,absent,8.471739130434784,319,7.472424631441424,0,0.4988331412133594,1.227544004208099,0.3086590819856121
3,13,6.6,21.9,exposed,litter,present,3.024,319,9.600208782672558,0,6.28556562648538,0.32326022809083493,0.533318708644966
3,14,6.68,21.8,exposed,litter,present,1.2760869565217392,319,12.795865956104587,0,3.0227341547055926,0.4332975479057779,0.6582323601186074
3,15,7.05,21.3,exposed,litter,present,1.9717391304347829,319,8.265257134637526,0,2.4085304757723565,0.1303867791907959,0.584083336781255
3,16,6.78,22.4,exposed,litter,present,2.341304347826087,319,10.511364746665162,0,5.836025134122771,0.24704346559278068,0.5027362548518879
3,17,6.77,20.4,exposed,litter,present,1.3166666666666669,319,14.471891634953472,0,5.282561226606681,5.006491980308102,0.5834428926096845
3,18,6.72,21.9,exposed,litter,present,0.9104166666666668,319,11.458711433945266,0,1.5717077494824219,1.1889799664604195,0.5973876746182363
3,19,6.48,20.8,exposed,litter,absent,3.163636363636363,319,11.622614499289675,0,3.2865238653088937,0.5733230893112851,0.5594470511902506
3,20,6.48,22.2,exposed,litter,absent,1.7108695652173915,319,10.430455141804522,0,3.860230469368227,0,0.8391653061907947
3,21,6.81,21.5,exposed,litter,absent,3.025,319,9.617763412545008,0,3.12231622968857,0.30476881733760003,0.9624267896672634
3,22,6.27,20,exposed,litter,absent,1.7645833333333334,319,12.929088160557267,0,4.981802021168021,0.7459364628452876,0.9758111830256908
3,23,7.05,21.5,exposed,litter,absent,2.0043478260869567,319,14.742283014537257,0,3.440351228979246,0.10688393231897007,0.7650162828534421
3,24,6.55,20.7,exposed,litter,absent,2.1021739130434787,319,12.525814335589786,0,2.936035918785145,0.27515580102709314,0.5433697680558485
3,25,7.14,21.3,shaded,litter_feces,present,9.887234042553192,319,29.53624663340358,1.98242305559782,73.57869843725712,0,2.522402342232377
3,26,7.12,21.7,shaded,litter_feces,present,6.802380952380953,319,35.79644528204268,1.0615262299225718,111.2767360425348,0,3.2484777962581153
3,27,7.11,23,shaded,litter_feces,present,8.720454545454546,319,37.73444743521272,1.5393724264676028,86.64986209427792,0,2.5453354022579626
3,28,7.15,21.3,shaded,litter_feces,present,20.639583333333334,319,32.83315406593441,0.9821458206140506,78.4120073073479,0,2.639957824071111
3,29,7.02,21.4,shaded,litter_feces,present,9.155813953488373,319,31.98342777553905,1.3684305318273629,57.986896562831134,0,3.128789813293531
3,30,7.05,21.1,shaded,litter_feces,present,15.744,319,40.54032518984829,1.8287869846845495,60.3377242779916,0,4.19206587591944
3,31,7,21.4,shaded,litter_feces,absent,8.526086956521741,319,36.00552024105222,0.8129515866285885,65.16461264354643,0,2.9459645326598327
3,32,7.18,21.9,shaded,litter_feces,present,16.10217391304348,319,41.51370359859912,1.02611978549485,91.00926058524543,0,2.7627389744189017
3,33,7.02,21.1,shaded,litter_feces,absent,9.282222222222222,319,24.866112973927088,0.8198765435473889,85.6565643779765,0,2.7711378658326113
3,34,7.08,21.4,shaded,litter_feces,absent,12.222916666666668,319,24.172673380252643,0.40509063911506143,47.925575444524846,0,3.511318212909794
3,35,7.05,21.9,shaded,litter_feces,absent,8.058695652173913,319,38.80360042222749,0.9698136674801341,64.85886576060872,0,3.4544473055285385
3,36,7.07,21.2,shaded,litter_feces,absent,11.847916666666668,319,36.57104940270652,1.4092441724702005,77.7567303069367,0,3.290712419891003
3,37,7,21.3,exposed,litter_feces,present,13.804,319,30.221820701803928,1.292578286678554,70.9900122249525,0.22882003857615318,3.1340665393708345
3,38,7.07,21.8,exposed,litter_feces,present,7.566666666666667,319,31.81720858304736,3.5364447122656477,68.31449538959653,0,3.121591754701516
3,39,7.11,21.3,exposed,litter_feces,present,10.441666666666666,319,31.20721546194867,1.9911153788814924,66.45574938005522,0,3.8563062667053036
3,40,7.1,22.2,exposed,litter_feces,present,9.016279069767442,319,44.44509082116731,2.1269595518854807,116.84350101364001,0,4.368624766265279
3,41,7.1,21.4,exposed,litter_feces,present,14.379545454545452,319,34.08632962065587,1.8377551879095346,64.35488140855212,0,2.8177976027600917
3,42,7.06,23,exposed,litter_feces,present,9.27111111111111,319,34.17243774492605,2.412635751701713,134.5735569725232,0,2.8108907683006628
3,43,7.16,21.6,exposed,litter_feces,absent,17.834090909090907,319,38.93476677583176,1.8358761558541303,29.082883696967517,0,2.8769901202632906
3,44,6.98,22.2,exposed,litter_feces,absent,12.594,319,35.738804024891664,1.6596518678293688,42.334261482068115,0,2.6708604999499745
3,45,7.06,22.2,exposed,litter_feces,absent,25.41739130434783,319,24.5595308710558,1.3297192546209917,42.49607846160127,0,2.920767858418704
3,46,6.96,23,exposed,litter_feces,absent,12.200000000000003,319,23.500837109195757,1.3157051265326094,38.662273672084524,0,2.812542936297835
3,47,7.05,22.5,exposed,litter_feces,absent,5.897619047619047,319,33.15014432727307,1.2557723158077114,45.73318898240566,0,2.8117203214683255
3,48,7,21.4,exposed,litter_feces,absent,8.734,319,34.02129850092733,1.9074908312798504,53.913640801268556,0,2.8913061819258736
4,1,6.59,24.3,shaded,litter,present,1.798,326,11.734074670462366,0.6619982016391005,2.6318237056224345,0.36526013907252963,0.7182180752714855
4,2,6.65,24.3,shaded,litter,present,2.2,326,13.474270275062516,0.8923036026096256,4.730660124173402,0.6147146138924211,0.7297028783473785
4,3,6.31,23.4,shaded,litter,absent,1.8756097560975613,326,10.034208124256686,0.6048740946475037,2.883165688810003,0.767833246117158,0.7400952757071875
4,4,6.37,23.4,shaded,litter,present,1.95,326,6.297983379205581,0.5294789824535704,3.255670572763549,0.12962878604521186,0.7177061388011938
4,5,6.50,23.6,shaded,litter,present,1.528,326,7.3504737682427095,1.189859823631177,1.8800620349033075,0.3308633982864422,1.1672002007802553
4,6,6.32,23.6,shaded,litter,present,1.4041666666666668,326,7.902638908808754,0.7101674098081213,1.183341618795347,0.1785000490180822,0.969575378351094
4,7,6.68,22.9,shaded,litter,absent,3.7363636363636363,326,14.391944383300629,0.9574771435156579,4.428188594792964,1.1465489462442453,1.095614357753176
4,8,6.79,23,shaded,litter,absent,14.236956521739131,326,13.83103706264302,0.9338625188358489,2.9586596715365108,0.6661868981241441,1.2841022192758764
4,9,6.71,23.4,shaded,litter,absent,1.8347826086956525,326,13.181903620996673,0.8233894302287559,3.7022887513272833,1.1279974644065778,0.9615993559362171
4,10,6.46,24.2,shaded,litter,absent,3.975555555555556,326,14.95218011077738,1.0663472441201165,2.396231614138645,0.800777573214438,0.7361430913513805
4,11,6.52,23.8,shaded,litter,absent,1.438,326,16.082507761977414,1.6197283004306833,5.291754474279273,0.1727504886683326,1.2977261452669366
4,12,6.53,24,shaded,litter,absent,4.497826086956523,326,16.59950509183885,1.2274194041230937,3.1367492098863163,2.036107191344522,1.6695202126894446
4,13,6.71,23.7,exposed,litter,present,2.872916666666667,326,15.48381882504721,1.023262951169099,1.8424226497616059,0.44315296271016846,0.6768083956417504
4,14,6.64,23.7,exposed,litter,present,1.9340425531914893,326,15.13034539493524,0.6291872208278783,1.5091621478911206,0.9001156032498585,0.7134278929708592
4,15,7.18,22.6,exposed,litter,present,1.8937500000000003,326,11.276965698457893,1.0916942089322945,2.3063866205885457,0.15552859357206528,0.9694580361308307
4,16,6.87,24,exposed,litter,present,1.823913043478261,326,16.765421585669245,1.7295632518644204,6.466462505182138,1.6866253973245207,0.9136809305269795
4,17,6.67,23.3,exposed,litter,present,2.020454545454545,326,18.11875535507931,1.018755808797242,2.0027359709619925,0.21649446458712873,0.6991061555137432
4,18,6.51,23.7,exposed,litter,present,0.9326086956521741,326,8.855096809503792,1.33452169228785,2.885734593554372,0.31936427758694336,1.0473470266109106
4,19,6.60,23.9,exposed,litter,absent,1.1500000000000001,326,13.878351016651257,0.7769611856674195,5.4590818915591255,1.0728905367256192,0.97571237413906875
4,20,6.64,23.8,exposed,litter,absent,2.421739130434783,326,12.185306559298716,0.9902105130490397,4.976429324795051,5.457558802213862,0.621008445779399
4,21,6.82,23.7,exposed,litter,absent,1.1644444444444446,326,8.6029406493692,0.5810783769860667,3.8817680741753424,2.8475981561353216,0.6258214723385254
4,22,6.47,23.5,exposed,litter,absent,0.5579999999999999,326,13.939966579117616,0.7975509273235872,4.136427657467184,0.07213318254771713,1.4298564319399931
4,23,6.67,23.2,exposed,litter,absent,1.041304347826087,326,19.199561386099514,0.8323788229525941,4.880431084937909,0.7248154260562036,1.288331655661448
4,24,6.64,23.5,exposed,litter,absent,0.9977777777777779,326,13.625471062318706,0.5277638892718327,2.5874369658596663,0.8064421953872607,0.7118007065259836
4,25,7.14,23.5,shaded,litter_feces,present,9.181632653061223,326,42.66389922180315,2.603365889929959,114.32881781420176,0,2.748348329475598
4,26,7.16,13.9,shaded,litter_feces,present,5.987755102040816,326,43.13437275530042,2.6681772448727354,113.76485143236539,0,3.2701260459477943
4,27,7.17,24.9,shaded,litter_feces,present,5.258,326,42.68588739892429,3.0072320177933007,122.70858942578788,0,2.743652645136735
4,28,7.13,22.9,shaded,litter_feces,present,8.997826086956524,326,51.52132776434476,3.0554443433389,124.13727046893456,0,3.933663223139063
4,29,7.12,23.5,shaded,litter_feces,present,12.24255319148936,326,43.370757597432274,2.773013515841625,94.09638920109694,0,3.591957063007661
4,30,7.15,23,shaded,litter_feces,present,11.508695652173914,326,50.952926761653146,2.9760240249847127,116.19008584592392,0,3.9434979955115796
4,31,6.95,23.5,shaded,litter_feces,absent,12.06304347826087,326,35.758670354791455,3.0269507884425906,85.05359306423645,0,3.228951050758586
4,32,7.08,23.9,shaded,litter_feces,present,9.241860465116279,326,50.29148436994254,2.9074375446658363,122.8016413639444,0,3.8383611530493793
4,33,7.12,23.7,shaded,litter_feces,absent,5.708888888888889,326,52.326119812877536,2.8421346516300696,160.65957515319542,0,4.077115282150748
4,34,7.09,23.3,shaded,litter_feces,absent,8.283673469387756,326,41.0072631144931,2.5859045130012204,94.15524065645745,0,3.589583255651966
4,35,6.94,23.8,shaded,litter_feces,absent,12.375510204081634,326,46.291305056123186,2.79893825349995,98.46634998841373,0,4.024778424432412
4,36,7.11,22.2,shaded,litter_feces,absent,10.2375,326,47.137425124762906,2.3772658096952446,108.19042732268483,0,3.301655264688012
4,37,7.32,23,exposed,litter_feces,present,12.975555555555555,326,31.909816596400827,3.0946500292100287,117.71564417146404,0,3.3924475254345965
4,38,7.01,23.6,exposed,litter_feces,present,8.541304347826088,326,40.33140850858084,3.027666536893787,95.59937606178907,0,2.922631795761445
4,39,7.18,23.1,exposed,litter_feces,present,6.986666666666666,326,38.15259170257079,2.68389765819379,109.94107026588591,0,2.6925940681302465
4,40,7.09,24.3,exposed,litter_feces,present,9.039583333333333,326,42.6316327915997,3.312880790105866,128.84731483018075,0,2.7665994070300206
4,41,6.91,22.1,exposed,litter_feces,present,8.253488372093024,326,47.148817394000176,3.2940492590080135,114.0768150501973,0,2.8769210260428757
4,42,7.05,24.4,exposed,litter_feces,present,6.554545454545454,326,41.06507653307069,3.326929227621761,124.53137386499816,0,3.1352761671137785
4,43,7.02,23.2,exposed,litter_feces,absent,9.358,326,48.340096973205405,3.264909921869104,87.0086420377965,0,2.8208178589644968
4,44,7.15,23.8,exposed,litter_feces,absent,5.2043478260869565,326,52.044779082251026,3.088134595495703,75.54901081976425,0,2.9344426603118663
4,45,6.98,23.8,exposed,litter_feces,absent,4.589795918367346,326,36.07293670138362,2.8352139145759097,79.69690906000548,0,3.2943770537391908
4,46,7.09,24.4,exposed,litter_feces,absent,8.298,326,43.85398250396791,3.5552867015770264,109.22045372257293,0,3.7001167148468475
4,47,7.05,24.1,exposed,litter_feces,absent,5.736956521739131,326,49.38201357550737,3.37850275172831,104.30081244210214,0,4.485039754690574
4,48,7.01,23.6,exposed,litter_feces,absent,5.497826086956523,326,40.61058136663419,2.511896801927031,84.0497498113518,0,2.821098231922024
5,1,6.65,26.2,shaded,litter,present,2.1031250000000004,333,12.784524943872846,0.9430951893301689,3.317009958283625,10.93459574595729,1.2745845774542846
5,2,6.53,26.1,shaded,litter,present,1.9357142857142855,333,13.108928763211688,0.7998744331097196,9.747482227249645,3.3319872998073485,1.3088467455936974
5,3,6.35,24.8,shaded,litter,absent,2.46304347826087,333,11.402470110944819,1.9096332504268734,2.635499491361583,0.5452675586734838,1.721097906917636
5,4,6.53,26,shaded,litter,present,1.6545454545454543,333,8.36630228105081,0.5197205835311073,1.1508675373728579,3.3884446586711974,1.1870990779015322
5,5,6.43,25.4,shaded,litter,present,1.966,333,8.803716894464536,0.9785295830002984,1.5745188134849528,2.0453551431771104,0.8281449242343323
5,6,6.22,24.9,shaded,litter,present,1.256,333,6.770344839410778,1.0196878954889799,3.8173061058777575,4.249171909958482,1.4836940459739143
5,7,6.62,26.9,shaded,litter,absent,2.356,333,15.594103830717057,0.9960806049115001,5.712436716933166,1.0256559665454417,0.9203999136070391
5,8,6.57,26.9,shaded,litter,absent,3.5583333333333336,333,10.537147500320312,1.5132594644967667,3.8025013677174604,0.3756455400774144,1.0459245357135363
5,9,6.78,25.8,shaded,litter,absent,1.6693877551020408,333,8.86804414514203,1.024024434279735,1.995861002491091,1.048242458944836,1.1328248130796248
5,10,6.55,26.4,shaded,litter,absent,2.854347826086957,333,13.183656143007862,0.9520812137476597,2.0806068010017356,1.2066556203452228,0.9246536697232004
5,11,6.40,26.6,shaded,litter,absent,2.5934782608695657,333,14.54131781434381,0.7018630939287999,1.5131625970410032,0.8424060318170332,1.0698567515366326
5,12,6.29,26.3,shaded,litter,absent,3.745652173913044,333,14.032390143543147,0.5907259487034872,0.9525339293050501,0.7431426216180697,0.7737233069256265
5,13,6.80,27.3,exposed,litter,present,1.266,333,7.964626894193358,1.1373369733365053,0.6380346709763834,0.7277161139915795,0.7918934975231459
5,14,6.95,26.5,exposed,litter,present,1.1127659574468085,333,8.22018244230986,0.9540048252231169,1.2806122653879817,0.6986560431056313,1.4836203697305153
5,15,6.81,27,exposed,litter,present,1.8604166666666668,333,7.280767982301592,0.47903832315835376,1.3113571631037928,0.533861457022494,0.8709493488475031
5,16,7.07,26.7,exposed,litter,present,1.8291666666666668,333,2.2568860922965235,0.46546397759410696,1.583181373832479,0.7437563345986047,0.6391406946415784
5,17,6.88,25.2,exposed,litter,present,1.9159090909090906,333,9.493626903265687,0.780664845802975,3.1341599102617685,0.1600130966574521,1.1540504738979394
5,18,6.65,26.7,exposed,litter,present,0.9541666666666666,333,8.703134452224127,0.6314489853962275,4.752759492988158,0.7629969977959986,1.1423596049590052
5,19,6.55,25.8,exposed,litter,absent,1.2145833333333333,333,11.753347737521313,0.6627986226316029,2.8495061010095597,1.0876477320414104,0.9045484307963247
5,20,6.81,26.4,exposed,litter,absent,2.926,333,10.633981836489452,0.8324065836247105,2.5472818669815354,0.3190070016164492,0.9866055420990598
5,21,6.78,26.2,exposed,litter,absent,1.596,333,7.967429064419116,0.6562459136894032,3.364462480829024,0.75211077591065445,1.2009070918980562
5,22,6.58,24.8,exposed,litter,absent,0.756,333,11.44383046357161,0.5891081596279308,7.37979060342972,0.9094791027288669,1.2144009349200018
5,23,6.63,27.2,exposed,litter,absent,0.7458333333333333,333,6.633843532410367,0.9062601519083294,3.7083583244270897,0.7735357811928281,1.269780343392895
5,24,6.55,25.2,exposed,litter,absent,1.296,333,12.82292895659372,1.082339269203663,2.9398542979086373,0.8505888715574952,0.6473340358993231
5,25,7.06,25.9,shaded,litter_feces,present,6.256818181818182,333,45.36927558501395,2.8347703114114715,93.98762583929249,0,3.092639753663244
5,26,7.10,26.2,shaded,litter_feces,present,7.066,333,52.15995407500779,2.8949679814908706,91.21212653643376,0,3.3160340378812267
5,27,7.35,26.7,shaded,litter_feces,present,21.346,333,36.28224352129247,2.7814994615902338,95.43965617230546,0,2.472197982981899
5,28,6.99,27,shaded,litter_feces,present,9.166,333,47.90289506510516,3.099222322350447,107.97449327812778,0,3.7672626469221155
5,29,6.99,25.8,shaded,litter_feces,present,11.919565217391307,333,55.727364157721745,2.7513598502305476,101.16784288167958,0,3.7666190267325064
5,30,7.14,26.8,shaded,litter_feces,present,8.776000000000002,333,63.55422326838061,3.7232558284141715,110.61016933068586,0,3.9743828568699717
5,31,6.95,25.8,shaded,litter_feces,absent,12.046938775510204,333,46.219710617212925,3.221167162668741,106.83453856781196,0,3.638112610648613
5,32,7.16,26,shaded,litter_feces,present,12.539130434782612,333,57.99875618192088,2.91462610831747,112.1709743940362,0,3.4905671672868657
5,33,7.14,25.4,shaded,litter_feces,absent,8.286000000000001,333,48.002048144695024,3.401175055554962,130.8780407837058,0,3.9252617413254662
5,34,6.98,26.8,shaded,litter_feces,absent,11.006521739130438,333,39.05271262341823,2.6768130845071543,103.70687736230708,0,3.6323311194220542
5,35,6.88,26.5,shaded,litter_feces,absent,14.177272727272726,333,57.352425588489645,3.053747859231004,115.8321441726927,0,4.159207006589963
5,36,6.97,26.7,shaded,litter_feces,absent,10.556000000000001,333,50.84594102759053,3.0008236081296533,86.40846650231583,0,3.5254382113744525
5,37,7.90,27.4,exposed,litter_feces,present,24.92558139534884,333,5.969366265082764,2.6836716158492546,11.475847455773675,0,3.271814486403021
5,38,7.37,27.4,exposed,litter_feces,present,18.12608695652174,333,22.924378661278347,2.500999013291734,18.68490528139717,0,2.594465572138386
5,39,7.99,27.4,exposed,litter_feces,present,261.02708333333334,333,20.105671739176678,2.9489187650279707,22.88934828187287,0,3.3386053370817055
5,40,7.01,26.6,exposed,litter_feces,present,12.446000000000002,333,49.66651194695908,2.839379020718221,130.64177823334296,0,2.6496239518810816
5,41,7.01,27,exposed,litter_feces,present,7.077551020408164,333,50.83528188293212,2.5475948252108123,110.97719306184891,0,3.749309297294264
5,42,7.64,26.8,exposed,litter_feces,present,8.70217391304348,333,32.85191123622977,3.475558715998409,95.28088422737316,0,4.0150506704245705
5,43,7.16,27.6,exposed,litter_feces,absent,12.304255319148936,333,63.20155551686348,3.2584303514504405,76.16604717517016,0,3.9375030882096294
5,44,7.29,27.2,exposed,litter_feces,absent,10.10434782608696,333,53.35337722114902,2.926412435090133,53.716712417592774,0,3.112008230156129
5,45,7.73,27.3,exposed,litter_feces,absent,325.9195652173914,333,15.953988894108853,2.21154619245965,6.835607866021656,0,2.6734477472193436
5,46,7.73,27.1,exposed,litter_feces,absent,59.936,333,39.51477838092737,3.143690641194134,53.54314420582729,0,2.8707537385546766
5,47,7.01,26.6,exposed,litter_feces,absent,8.52826086956522,333,53.71510070026567,2.7954204058743675,64.78954705307952,0,3.1969734591928614
5,48,7.20,27,exposed,litter_feces,absent,9.836,333,33.41282276700483,2.337875472324766,14.622653488728123,0,2.754601277600309
6,1,6.6,26.9,shaded,litter,present,2.432608695652174,337,21.13689740371737,0.491037523558127,2.182201158748315,0.3744478874654523,0.38507624274558017
6,2,7.05,27.2,shaded,litter,present,4.688000000000001,337,1.5037834999368442,0.6327272896134459,1.9569816549136467,0.1552009341714058,0.41286617204922715
6,3,6.29,26.7,shaded,litter,absent,1.498,337,13.364218301399866,0.5350965814676434,2.505891466603701,0.13220820318304932,0.4359352747399705
6,4,6.32,26.9,shaded,litter,present,2.158,337,10.436820471536834,0.55173410908329,2.752973888500706,1.1596385818830373,0.40118639817383067
6,5,6.4,27.8,shaded,litter,present,1.848936170212766,337,13.279540890633879,0.5598422936314493,3.3990162875299164,0.13396342102016776,0.48253207758469363
6,6,6.21,26.3,shaded,litter,present,1.478,337,12.793750817940271,0.45649105797538003,1.603537181745005,0.15658046843554135,0.375695735848204
6,7,6.45,25.7,shaded,litter,absent,13.038,337,18.82437718929996,0.62686582988255235,1.7627164802353357,0,0.631167962642463
6,8,6.5,26.1,shaded,litter,absent,2.2583333333333333,337,14.442564122533653,0.6382926534586972,1.9342531271785988,0.039118405693197675,0.926950654631699
6,9,6.84,26.7,shaded,litter,absent,2.828,337,10.609540467309685,0.6136799387220475,2.9958451590210924,0,1.364165699102486
6,10,6.33,27,shaded,litter,absent,2.3979999999999997,337,18.121072420081028,0.6529716173492495,1.7583672760202553,0,0.5613950510322416
6,11,6.85,26.9,shaded,litter,absent,2.7224489795918365,337,20.969529983985332,0.6072199905689513,2.168425989268824,0.01041506031505065,0.6171736352069384
6,12,6.36,26.7,shaded,litter,absent,3.808,337,15.542808308235621,0.5042677471943505,0.9130413897568717,0,0.44759976203325935
6,13,7.1,27,exposed,litter,present,1.348,337,9.565590896271589,0.4516128475037689,3.4721032863039873,0.5822654347973941,0.32454625879376375
6,14,6.95,27.5,exposed,litter,present,1.238,337,10.801627348910433,0.5755931717327214,1.6195957819237634,2.571963617311682,0.4430470878235421
6,15,7.02,26.2,exposed,litter,present,7.454347826086958,337,8.00440998362174,0.6977399948702656,2.2598127072178684,0.043111370603168095,0.5731359712360696
6,16,6.84,27.5,exposed,litter,present,2.0479999999999996,337,0.8232886581282999,0.5531163506240409,1.1857252740839803,0,0.42670763366367326
6,17,7.33,26.5,exposed,litter,present,1.248,337,8.574453964644073,0.5536040078569467,1.6923059148243915,0,0.43843326728539345
6,18,7.2,26.3,exposed,litter,present,1.1541666666666668,337,10.38950283347637,0.5827846057351764,3.4245593014665525,1.6509016928342386,0.5219712075995215
6,19,6.55,26.7,exposed,litter,absent,0.9869565217391306,337,13.281497900195301,0.502907671891459,6.02687442712949,0.8616722879668621,0.38037070271478424
6,20,6.98,27.4,exposed,litter,absent,1.238,337,6.123013684564427,0.4388924473383105,3.2149257908017903,1.3719645561712244,0.2827620020545918
6,21,6.73,27.1,exposed,litter,absent,1.3880000000000001,337,9.21271597667894,0.5418003582371927,2.562054255526303,0.14530951308515247,0.4780252631213001
6,22,6.82,27,exposed,litter,absent,1.1102040816326533,337,13.261863246613377,0.6307829573327406,4.469110226470641,0,0.5406405019016264
6,23,6.83,26.5,exposed,litter,absent,1.6125000000000003,337,11.091762155976085,0.8338263612555327,4.081896937944055,0,0.5591722169647606
6,24,6.53,26.6,exposed,litter,absent,2.598,337,15.139518344095661,0.37975543325677324,2.6966145982461756,0.05173364472380199,0.37099019581740805
6,25,7.16,26.6,shaded,litter_feces,present,3.678,337,60.22313456357415,2.806193918389374,106.96393364620573,0,3.2761119596837336
6,26,6.95,26.9,shaded,litter_feces,present,7.738,337,67.66995231139248,3.1809579380778414,102.37562390217663,0,3.4925425075979692
6,27,8.01,28.1,shaded,litter_feces,present,73.20625,337,8.265116547866052,2.573296994659101,15.82623549888354,0,2.7422971289718747
6,28,7.05,26,shaded,litter_feces,present,7.578,337,60.59879378628031,3.400136980938985,102.1636112196772,0,3.970609327299348
6,29,6.93,26.7,shaded,litter_feces,present,9.918000000000001,337,55.994670833262134,3.17467531982762,108.70524223090703,0,4.426478379490131
6,30,6.99,25.8,shaded,litter_feces,present,5.914583333333334,337,72.69678813091392,3.526962518407406,108.37457863529872,0,3.991501455668934
6,31,6.93,26.9,shaded,litter_feces,absent,13.868,337,56.79033385824181,3.7040189008462683,110.8596283952985,0,4.427386567496335
6,32,7.11,26.8,shaded,litter_feces,present,9.408,337,69.43584333361531,3.040251421281805,118.17075337403884,0,3.5083622179661704
6,33,7.02,26.3,shaded,litter_feces,absent,8.588000000000001,337,57.65760193928111,3.517028767561309,125.42985212994932,0,4.0376702342146364
6,34,7.03,26.4,shaded,litter_feces,absent,11.438095238095238,337,50.20185468996247,3.005904451839792,102.51373740566164,0,3.657043962770264
6,35,7.04,26.8,shaded,litter_feces,absent,7.720000000000001,337,73.28573656165608,4.0761815359117195,126.03042635577914,0,4.816576877324527
6,36,6.97,25.2,shaded,litter_feces,absent,11.008000000000001,337,59.57805579428364,3.1954374058276596,95.27311371440653,0,3.9659496470148756
6,37,7.75,26.4,exposed,litter_feces,present,15.088000000000001,337,4.155233650069141,2.632123681410607,10.644397242847292,0,2.7813235212697895
6,38,7.6,27,exposed,litter_feces,present,26.80454545454545,337,2.262212094655713,2.9083180761697083,8.15352092950532,0,3.1599715439604075
6,39,8.02,26.6,exposed,litter_feces,present,56.30217391304348,337,1.8763794818853305,2.6611491156238216,7.517493999736308,0,2.888343301991574
6,40,6.92,26.7,exposed,litter_feces,present,9.858,337,64.32202745867085,2.5857735662081067,129.18059528079567,0,2.9371782254858854
6,41,6.88,25.4,exposed,litter_feces,present,10.338000000000001,337,52.9260028179767,2.7922765413795103,100.13929598173789,0,2.874364261138157
6,42,7.6,28,exposed,litter_feces,present,155.24800000000002,337,3.336462537686539,2.606660714841831,10.002603287836642,0,2.8627914933375154
6,43,7.59,26.6,exposed,litter_feces,absent,95.95714285714286,337,27.167178139981424,2.755209421331715,8.998374208759852,0,3.05779488250839
6,44,7.28,27.4,exposed,litter_feces,absent,24.432608695652178,337,46.066284750919245,2.7717804502337837,7.949139525370292,0,2.7259118150656816
6,45,7.65,27.2,exposed,litter_feces,absent,562.0187500000001,337,3.045761802874326,2.586593717008902,6.485380027530146,0,2.9999921898336144
6,46,7.75,27.7,exposed,litter_feces,absent,55.157999999999994,337,1.851651478584329,3.025320693981329,7.87963688133511,0,3.1364285572243196
6,47,7.52,27.3,exposed,litter_feces,absent,25.01956521739131,337,28.1237156117269,2.753162192655184,58.36558052413103,0,2.802383802042562
6,48,8,26.7,exposed,litter_feces,absent,6.888,337,4.450202580532135,2.3510209751485656,7.154820062635186,0,2.4936462702011366
