"visit_id","bromeliad_id","ph","temp","larvae","vessel","shading","subsidy_id","capacity_mL","longest_leaf_length_mm","n_leaves","chlorophyll_ugL","po4","no2","nh4","no3","bact","subsidy","subsidy_1","date"
"1","1",8.93,23.4,0,"wax","shade",1,23,19.4,21,1.05581395348837,18.7213919422016,0.347575189744834,1.57778625150644,0.467708347604608,NA,"litter_only_litter_only","litter_only",302
"1","2",8.94,23,0,"wax","shade",2,49,19.9,23,0.906818181818182,26.1336120087655,0.450999865235506,3.18905224525471,8.18807357409366,NA,"litter_feces_litter_only","litter_feces",302
"1","3",9.29,23,0,"wax","shade",3,36,18.7,22,0.923404255319149,26.5608746327225,0.316514997220937,1.80759780417117,3.71070846866498,NA,"litter_feces_litter_only","litter_feces",302
"1","4",8.91,23.6,0,"wax","shade",4,37,18.7,22,0.918181818181818,22.6253100925308,0.426180643460531,1.33263281288906,3.11531632590965,NA,"litter_only_litter_only","litter_only",302
"1","5",8.98,23.3,0,"wax","light",5,18,17.3,17,1.12272727272727,38.52742891647,0.444951776114203,2.15302688873997,4.85196638251973,NA,"litter_only_litter_only","litter_only",302
"1","6",8.83,23.5,0,"wax","shade",6,44,21.5,24,0.639130434782609,34.8291589784839,0.24793182755246,0.871742483942029,1.03383863513909,NA,"litter_feces_litter_only","litter_feces",302
"1","7",9.07,22.6,0,"wax","light",7,20,20.6,18,0.628260869565218,25.9272688796525,0.436540470356085,2.119479171137,0.383315532960108,NA,"litter_feces_litter_only","litter_feces",302
"1","8",9.47,22.8,0,"wax","light",8,25,18.6,19,0.404166666666667,24.9103857391428,0.308306217171819,0.674367712788542,0.486613478201037,NA,"litter_only_litter_only","litter_only",302
"1","9",9.71,22.3,0,"wax","shade",9,27,20.1,23,0.45531914893617,36.46677379591,0.248307946726317,1.08331019656142,3.52548050532139,NA,"litter_feces_litter_only","litter_feces",302
"1","10",NA,NA,0,"wax","shade",10,31,16.8,21,NA,NA,NA,NA,NA,NA,"litter_only_litter_only","litter_only",302
"1","11",NA,NA,0,"wax","light",11,20,17.6,17,4.04,10.7205640743378,0.714230539446011,3.30616030394601,15.0677520586662,NA,"litter_feces_litter_only","litter_feces",302
"1","12",8.91,23.7,0,"wax","light",12,28,18.1,23,0.675555555555556,23.5208214093895,0.322794544295384,0.932341259588419,2.58819998362567,NA,"litter_only_litter_only","litter_only",302
"1","13",9.29,23.1,0,"wax","light",13,29,18.7,19,0.758,36.6383748410209,0.469433455040844,2.31349579508526,0,NA,"litter_only_litter_only","litter_only",302
"1","14",8.91,23.2,0,"wax","light",14,54,21,24,0.638,43.2776206516875,0.362159957682208,1.29042149534885,1.3694210310439,NA,"litter_feces_litter_only","litter_feces",302
"1","15",9.13,22.7,0,"wax","shade",15,20,18.5,19,1.15,32.9563922996157,0.582021674637349,1.20128054924481,1.62770437817247,NA,"litter_feces_litter_only","litter_feces",302
"1","16",9.2,22.2,0,"wax","shade",16,35,18.2,24,0.883333333333334,26.0469366654717,0.266924774077893,0.801943644510045,0.28303361790074,NA,"litter_only_litter_only","litter_only",302
"1","17",NA,NA,0,"wax","shade",17,28,19.3,22,0.520454545454545,14.7413859055021,0.18826145587391,0.411794134095869,1.22578678324426,NA,"litter_feces_litter_only","litter_feces",302
"1","18",8.9,23.9,0,"wax","light",18,29,20.1,20,1.35263157894737,40.773605067215,0.326913400442014,3.23419085581761,2.85955803227516,NA,"litter_feces_litter_only","litter_feces",302
"1","19",9.43,23,0,"wax","light",19,19,19.2,21,0.560416666666667,25.7975734909993,0.16970249301062,0.969927206305814,0.405536898881202,NA,"litter_only_litter_only","litter_only",302
"1","20",8.94,23.7,0,"wax","light",20,21,19.4,21,0.55,12.6017103882121,0.387056332108231,0.555273754548408,0.951579718296533,NA,"litter_feces_litter_only","litter_feces",302
"1","21",9.8,22.6,0,"wax","light",21,31,20.7,21,0.64375,15.9638452818648,0.109675290320975,0.813103683287439,0.840155368230568,NA,"litter_feces_litter_only","litter_feces",302
"1","22",NA,NA,0,"wax","shade",22,26,19,22,0.552173913043478,19.7155226014676,0.140687262437967,0.588141390242178,2.42985448935725,NA,"litter_only_litter_only","litter_only",302
"1","23",9.31,22.6,0,"wax","light",23,41,20.1,18,0.625581395348837,12.5992359606113,0.0827243098623278,0.605823427509139,0.249606312880949,NA,"litter_only_litter_only","litter_only",302
"1","24",9.44,23,0,"wax","shade",24,44,21.6,22,0.55,10.998126929214,0.161426204391835,0.306500271534126,2.93942383974357,NA,"litter_only_litter_only","litter_only",302
"1","25",9.01,23.2,0,"bromeliad","light",25,48,20.7,25,1.2804347826087,20.2786859883934,0.372413699682571,1.25253564304476,1.40489074780393,NA,"litter_only_litter_feces","litter_only",302
"1","26",9.11,22.4,0,"bromeliad","light",26,46,18.5,21,0.477083333333333,12.1803723746556,0.229768272025788,0.730484735672962,0,NA,"litter_feces_litter_feces","litter_feces",302
"1","27",NA,NA,0,"bromeliad","light",27,39,18,23,0.736956521739131,93.9186335382438,0.265429524765364,5.48453613052018,5.02014130782186,NA,"litter_feces_litter_feces","litter_feces",302
"1","28",8.92,23.5,0,"bromeliad","light",28,25,16.1,19,0.602083333333333,48.6345240556709,0.298062119252838,3.5897999916679,8.20251429688791,NA,"litter_only_litter_feces","litter_only",302
"1","29",9.3,22.3,0,"bromeliad","shade",29,28,17.7,19,0.497826086956522,14.9315732787192,0.554472761133083,0.413885057683504,0.749761259270242,NA,"litter_feces_litter_feces","litter_feces",302
"1","30",9.19,22.3,0,"bromeliad","shade",30,22,16.4,22,0.986363636363636,12.21823295462,0.250391485003085,1.57890985706319,2.72992869974074,NA,"litter_only_litter_feces","litter_only",302
"1","31",NA,NA,0,"bromeliad","light",31,46,20.9,25,1.50909090909091,92.9051110469846,0.550508210288547,2.64150473957877,2.30949882940719,NA,"litter_only_litter_feces","litter_only",302
"1","32",9.15,23,0,"bromeliad","light",32,28,18.2,18,1.21363636363636,15.9193897248071,0.202778715241618,0.234614236415452,1.50925255040804,NA,"litter_feces_litter_feces","litter_feces",302
"1","33",9.28,22.3,0,"bromeliad","shade",33,33,20.4,23,1.08095238095238,16.7719354157376,0.285483736941184,0.475130220372023,0.903208949333589,NA,"litter_feces_litter_feces","litter_feces",302
"1","34",9.15,21.8,0,"bromeliad","shade",34,24,17.8,18,7.5304347826087,17.8419697240259,0.287596207462094,0.658036897775915,0.349888227940319,NA,"litter_only_litter_feces","litter_only",302
"1","35",9.32,23.5,0,"bromeliad","light",35,16,17.2,19,0.675,14.6053886159661,0.263037375884406,0.774499740679116,1.43139578441543,NA,"litter_only_litter_feces","litter_only",302
"1","36",9.03,23.3,0,"bromeliad","shade",36,48,19.5,22,1.69583333333333,10.7059385107711,0.426441033657818,0.661391317080196,5.0661994006381,NA,"litter_feces_litter_feces","litter_feces",302
"1","37",9.05,22.8,0,"bromeliad","shade",37,36,18.5,23,1.04318181818182,9.36520650140603,0.19447349437869,0.943163384384084,1.62576547622346,NA,"litter_only_litter_feces","litter_only",302
"1","38",9.35,22.9,0,"bromeliad","light",38,38,19.2,21,0.361363636363636,9.65951485879003,0.0786343859598401,0.38810495115862,2.93004495786903,NA,"litter_only_litter_feces","litter_only",302
"1","39",9.37,23.3,0,"bromeliad","light",39,50,19.8,22,1.02045454545455,17.0614949640722,0.343562418493394,1.20878253523027,2.11626976992381,NA,"litter_feces_litter_feces","litter_feces",302
"1","40",8.93,23.7,0,"bromeliad","light",40,47,19,24,0.509523809523809,19.6909098916301,0.204823677192862,0.806234829252078,2.29385566969516,NA,"litter_only_litter_feces","litter_only",302
"1","41",9.08,22.5,0,"bromeliad","shade",41,23,18.3,20,1.31590909090909,22.1234441940558,0.510969203436865,1.18497134526125,5.14619715222644,NA,"litter_feces_litter_feces","litter_feces",302
"1","42",8.95,23.2,0,"bromeliad","shade",42,64,21.9,28,1.12272727272727,15.4260018338417,0.300049216715796,0.314005985420539,2.5284697256411,NA,"litter_only_litter_feces","litter_only",302
"1","43",8.98,23.1,0,"bromeliad","shade",43,55,21.6,20,1.97659574468085,12.1066132146513,0.227559360691068,0.165808053944376,0.63959153811183,NA,"litter_feces_litter_feces","litter_feces",302
"1","44",9.05,22.6,0,"bromeliad","light",44,52,20.7,19,0.52,15.3309081472331,0.122022214679486,0.112880221274319,1.39627506579036,NA,"litter_feces_litter_feces","litter_feces",302
"1","45",9.36,24,0,"bromeliad","light",45,47,21.2,24,0.747826086956522,16.7012385840097,0.153140271691668,0.261078152750481,1.50520773262669,NA,"litter_feces_litter_feces","litter_feces",302
"1","46",9.09,22.4,0,"bromeliad","shade",46,37,18.6,20,0.929545454545455,16.6123274698943,0.366249881584696,0.245199802949463,1.58475791222457,NA,"litter_only_litter_feces","litter_only",302
"1","47",9.16,22.2,0,"bromeliad","shade",47,38,21.1,24,0.841666666666667,5.63794883850642,0.179956235010982,0.536302882634782,2.32555449134629,NA,"litter_feces_litter_feces","litter_feces",302
"1","48",9.28,23.4,0,"bromeliad","shade",48,40,21.3,21,0.304545454545455,15.265000483436,0.146822148291699,0.213443103347429,1.87145182764921,NA,"litter_only_litter_feces","litter_only",302
"2","1",NA,NA,0,"wax","shade",1,23,19.4,21,38.5388888888889,7.91599619540058,1.4112235455903,3.12792579599117,1.30902843098298,1.69618292862067,"litter_only_litter_only","litter_only",310
"2","2",NA,NA,0,"wax","shade",2,49,19.9,23,21.4869565217391,44.9250363111162,2.58191051631106,7.62920252045935,0,3.81834151866924,"litter_feces_litter_only","litter_feces",310
"2","3",NA,NA,1,"wax","shade",3,36,18.7,22,16.658,31.7718825902836,1.6109734220877,5.20154051797022,0,6.20036959734586,"litter_feces_litter_only","litter_feces",310
"2","4",NA,NA,0,"wax","shade",4,37,18.7,22,16.763829787234,22.4597546251918,1.23085095938771,1.86428341477936,0.104635989289056,1.59523986584482,"litter_only_litter_only","litter_only",310
"2","5",NA,NA,0,"wax","light",5,18,17.3,17,13.33125,38.60641797916,1.06572999510954,2.24319257622346,0.659881306786442,1.48909571647489,"litter_only_litter_only","litter_only",310
"2","6",NA,NA,0,"wax","shade",6,44,21.5,24,9.83469387755102,44.1310277095218,3.45519161851476,10.3379811394017,0,4.8011980870585,"litter_feces_litter_only","litter_feces",310
"2","7",NA,NA,0,"wax","light",7,20,20.6,18,13.368,35.1322097314233,2.29737019177183,6.5120215084286,0,3.37701351712856,"litter_feces_litter_only","litter_feces",310
"2","8",NA,NA,0,"wax","light",8,25,18.6,19,3.21063829787234,23.6440511397895,1.20917023869893,1.4075582997657,0.418543957156223,1.66436069094021,"litter_only_litter_only","litter_only",310
"2","9",NA,NA,0,"wax","shade",9,27,20.1,23,11.9770833333333,38.44381940771,2.74265419633639,6.28262879073465,0,3.70798144739598,"litter_feces_litter_only","litter_feces",310
"2","10",NA,NA,0,"wax","shade",10,31,16.8,21,NA,NA,NA,NA,NA,NA,"litter_only_litter_only","litter_only",310
"2","11",NA,NA,0,"wax","light",11,20,17.6,17,NA,NA,NA,NA,NA,NA,"litter_feces_litter_only","litter_feces",310
"2","12",NA,NA,0,"wax","light",12,28,18.1,23,19.2583333333333,12.2414746877335,0.609635934303222,0.144708915636549,0.349742210774378,0.976821439927334,"litter_only_litter_only","litter_only",310
"2","13",NA,NA,0,"wax","light",13,29,18.7,19,11.934375,41.7557462402,1.46110958957079,1.0692572314639,0.392743302263031,1.72941047360224,"litter_only_litter_only","litter_only",310
"2","14",NA,NA,1,"wax","light",14,54,21,24,110.558,49.5761827128338,3.35950846667856,9.28058475717811,0,4.76129895634653,"litter_feces_litter_only","litter_feces",310
"2","15",NA,NA,0,"wax","shade",15,20,18.5,19,15.118,16.57007050504,0.881160112657604,1.42650473099991,0.827523734743158,1.67904397786691,"litter_feces_litter_only","litter_feces",310
"2","16",NA,NA,0,"wax","shade",16,35,18.2,24,9.3,16.0940108209262,0.805179331489883,0.267970440302652,0.668412975708074,1.23062424798545,"litter_only_litter_only","litter_only",310
"2","17",NA,NA,0,"wax","shade",17,28,19.3,22,29.4872340425532,37.4162727023754,2.61227601423885,6.21864387345596,0.0229339154606149,5.41248129723657,"litter_feces_litter_only","litter_feces",310
"2","18",NA,NA,0,"wax","light",18,29,20.1,20,38.1475,53.3234005493567,3.39863587956116,9.53775460016911,0,5.05970215146555,"litter_feces_litter_only","litter_feces",310
"2","19",NA,NA,0,"wax","light",19,19,19.2,21,4.16458333333333,9.47193878002251,0.72475331141494,0.282824579106811,0.887787091676303,0.988306565559034,"litter_only_litter_only","litter_only",310
"2","20",NA,NA,0,"wax","light",20,21,19.4,21,7.06041666666667,32.7346196604668,2.47111348847148,7.32662425578715,0.0315341337583458,3.73133924535215,"litter_feces_litter_only","litter_feces",310
"2","21",NA,NA,0,"wax","light",21,31,20.7,21,26.5086956521739,25.7479800175093,1.16783673587325,3.74282812687022,0.737214722089919,1.86417869935762,"litter_feces_litter_only","litter_feces",310
"2","22",NA,NA,0,"wax","shade",22,26,19,22,3.70625,8.84201184952952,0.568353856621398,1.02433379813474,1.54552099311643,0.941978516339461,"litter_only_litter_only","litter_only",310
"2","23",NA,NA,0,"wax","light",23,41,20.1,18,3.738,11.5986722823347,0.451067121812206,0.694433304776012,1.37786512410558,0.587830263503455,"litter_only_litter_only","litter_only",310
"2","24",NA,NA,0,"wax","shade",24,44,21.6,22,1.98775510204082,6.55273153101879,0.724762494476343,0.504363637115836,0.775957371697531,1.21692612574949,"litter_only_litter_only","litter_only",310
"2","25",NA,NA,0,"bromeliad","light",25,48,20.7,25,8.448,12.8111472771433,0.703065244277044,2.41040049984082,1.20591989878917,1.28843742283673,"litter_only_litter_feces","litter_only",310
"2","26",NA,NA,0,"bromeliad","light",26,46,18.5,21,7.84565217391304,29.5850433879479,1.36554765414511,5.9909663179903,0.0272340246094804,2.11517089281351,"litter_feces_litter_feces","litter_feces",310
"2","27",NA,NA,0,"bromeliad","light",27,39,18,23,14.5489795918367,38.3316441557704,2.29735733548587,6.12165138322157,0.065935006949268,3.23483120817484,"litter_feces_litter_feces","litter_feces",310
"2","28",NA,NA,0,"bromeliad","light",28,25,16.1,19,2.9,15.9725059527605,0.694413526059077,2.06606892912387,0.883478917894956,1.11763103749755,"litter_only_litter_feces","litter_only",310
"2","29",NA,NA,0,"bromeliad","shade",29,28,17.7,19,5.338,14.0277014171461,1.3460271080924,4.46898410339429,0.358342429072108,2.1482209624075,"litter_feces_litter_feces","litter_feces",310
"2","30",NA,NA,0,"bromeliad","shade",30,22,16.4,22,11.948,15.2110282445231,1.27227078299058,2.78850960652844,1.10262991236451,0.981634979828634,"litter_only_litter_feces","litter_only",310
"2","31",NA,NA,0,"bromeliad","light",31,46,20.9,25,3.928,17.1717990812383,0.733460128001325,0.930541526926274,0.534646904175586,1.16336146871916,"litter_only_litter_feces","litter_only",310
"2","32",NA,NA,0,"bromeliad","light",32,28,18.2,18,4.52916666666667,28.2207109082316,1.20913901629016,4.69726169992731,0.448644721198279,1.88651873670545,"litter_feces_litter_feces","litter_feces",310
"2","33",NA,NA,0,"bromeliad","shade",33,33,20.4,23,7.47608695652174,29.052633368107,1.7521708434884,6.24513595564448,0.401343520560761,2.98359634749615,"litter_feces_litter_feces","litter_feces",310
"2","34",NA,NA,0,"bromeliad","shade",34,24,17.8,18,8.06857142857143,15.6876862197921,0.800785517726518,1.2511812071024,0.861981060361457,1.78373572821857,"litter_only_litter_feces","litter_only",310
"2","35",NA,NA,0,"bromeliad","light",35,16,17.2,19,6.23111111111111,12.0184971483082,0.670434884813187,0.950288012916963,1.46379338128513,1.37167651277846,"litter_only_litter_feces","litter_only",310
"2","36",NA,NA,0,"bromeliad","shade",36,48,19.5,22,5.60652173913044,19.5915569797698,1.41114273464995,5.11166355957038,0.336841883327782,2.24351020006129,"litter_feces_litter_feces","litter_feces",310
"2","37",NA,NA,0,"bromeliad","shade",37,36,18.5,23,3.03958333333333,19.6061569411113,0.813821866646447,1.95556046900305,2.08727694934067,1.33739861127094,"litter_only_litter_feces","litter_only",310
"2","38",NA,NA,0,"bromeliad","light",38,38,19.2,21,3.19347826086957,9.16301971203762,0.453253009020205,0.58080958660306,1.66163066066286,0.707705131026949,"litter_only_litter_feces","litter_only",310
"2","39",NA,NA,0,"bromeliad","light",39,50,19.8,22,8.22244897959184,25.142074168003,1.94108495117212,5.70321915805456,0.190638172266362,3.03888866668515,"litter_feces_litter_feces","litter_feces",310
"2","40",NA,NA,0,"bromeliad","light",40,47,19,24,24.7270833333333,11.9067781711586,0.496735666808273,0.643879396409944,1.38212356598662,0.699030619997475,"litter_only_litter_feces","litter_only",310
"2","41",NA,NA,0,"bromeliad","shade",41,23,18.3,20,14.05,31.4976818015762,2.63406876827674,11.0912593309232,1.70857670181581,4.42887862706085,"litter_feces_litter_feces","litter_feces",310
"2","42",NA,NA,0,"bromeliad","shade",42,64,21.9,28,3.16458333333333,19.685436528323,0.855100271103709,1.60451339382979,0.54796421995578,1.32349041772979,"litter_only_litter_feces","litter_only",310
"2","43",NA,NA,0,"bromeliad","shade",43,55,21.6,20,23.008,20.6015946621006,1.96296769921176,4.99935497624747,0.0874355526935945,3.89601007544219,"litter_feces_litter_feces","litter_feces",310
"2","44",NA,NA,0,"bromeliad","light",44,52,20.7,19,6.19583333333333,21.3011916709327,1.0006419177362,4.31372213189191,0.98234244926186,1.62102073171044,"litter_feces_litter_feces","litter_feces",310
"2","45",NA,NA,0,"bromeliad","light",45,47,21.2,24,29.4673469387755,31.4614472991742,1.36338380628448,4.29697585123803,0.422844066305088,2.44252051917555,"litter_feces_litter_feces","litter_feces",310
"2","46",NA,NA,0,"bromeliad","shade",46,37,18.6,20,4.53958333333333,13.6082732037113,0.614002198882378,0.785310331621461,0.31584434866353,1.25299688125089,"litter_only_litter_feces","litter_only",310
"2","47",NA,NA,0,"bromeliad","shade",47,38,21.1,24,15.2651162790698,13.3762711971794,1.54805102918728,4.58540801321493,0,2.30192099291053,"litter_feces_litter_feces","litter_feces",310
"2","48",NA,NA,0,"bromeliad","shade",48,40,21.3,21,4.3,10.5685560302357,0.66612922843929,3.01455696073962,0.509247108351027,0.975803679318993,"litter_only_litter_feces","litter_only",310
"3","1",5.81,23.3,0,"wax","shade",1,23,19.4,21,7.2,11.2574004933826,0.816085623478942,1.5405341150361,2.72744251987737,1.04229420735372,"litter_only_litter_only","litter_only",314
"3","2",5.39,22,0,"wax","shade",2,49,19.9,23,21.1384615384615,39.5859877112129,1.0823872479826,2.84374403890525,0.947137195830337,1.45381832982505,"litter_feces_litter_only","litter_feces",314
"3","3",5.86,21.9,0,"wax","shade",3,36,18.7,22,10.3130434782609,27.4441073996993,1.16399581033049,3.86674159439874,0.688586630097365,1.6153095138674,"litter_feces_litter_only","litter_feces",314
"3","4",NA,NA,0,"wax","shade",4,37,18.7,22,3.975,46.3452279769066,0.906284560810825,1.16764571010185,2.93428297246375,0.587439562668823,"litter_only_litter_only","litter_only",314
"3","5",5.68,22.5,0,"wax","light",5,18,17.3,17,6.67878787878788,34.7524827216489,0.60132624887922,0.579562194073265,2.63140945260512,0.456428899063416,"litter_only_litter_only","litter_only",314
"3","6",6.07,22.8,0,"wax","shade",6,44,21.5,24,8.71,39.9657387506207,0.790314498526976,2.13842180721888,0.311841520029321,1.10917347699439,"litter_feces_litter_only","litter_feces",314
"3","7",5.91,22.4,0,"wax","light",7,20,20.6,18,37.70625,36.5995995384723,1.7008942468298,5.84856786732859,1.92224218659469,2.16932314024362,"litter_feces_litter_only","litter_feces",314
"3","8",6.07,22,0,"wax","light",8,25,18.6,19,4.15,16.7600197978262,0.743067436115037,1.09510041298868,0.865878446599974,0.870912135918137,"litter_only_litter_only","litter_only",314
"3","9",5.85,22.3,0,"wax","shade",9,27,20.1,23,6.39777777777778,37.7333453431124,1.89417768396955,4.88914399645479,0,2.23446807845142,"litter_feces_litter_only","litter_feces",314
"3","10",NA,NA,0,"wax","shade",10,31,16.8,21,NA,NA,NA,NA,NA,NA,"litter_only_litter_only","litter_only",314
"3","11",NA,NA,0,"wax","light",11,20,17.6,17,NA,NA,NA,NA,NA,NA,"litter_feces_litter_only","litter_feces",314
"3","12",5.99,22.1,0,"wax","light",12,28,18.1,23,9.69583333333333,24.9980927287308,0.541193623991299,0.729458326731059,1.84837059638527,0.710651287547953,"litter_only_litter_only","litter_only",314
"3","13",NA,NA,0,"wax","light",13,29,18.7,19,9.56923076923077,28.5486483241962,0.75595299859102,0,1.22784923862613,0.822161827976843,"litter_only_litter_only","litter_only",314
"3","14",5.68,22,0,"wax","light",14,54,21,24,78.7695652173913,35.231286129267,1.49043005972207,3.55193756035139,0,1.9293274677345,"litter_feces_litter_only","litter_feces",314
"3","15",5.8,22,0,"wax","shade",15,20,18.5,19,16.1826086956522,12.720868598095,0.545488811483293,1.64438187835158,0.81416833345338,1.01232323539913,"litter_feces_litter_only","litter_feces",314
"3","16",6.48,22.1,0,"wax","shade",16,35,18.2,24,7.528,12.5152888675465,0.240530499551688,0.208375689839108,2.72744251987737,0.392801500859382,"litter_only_litter_only","litter_only",314
"3","17",5.81,22,0,"wax","shade",17,28,19.3,22,6.358,23.2293290362663,0.382271686787504,0.994658926374965,0.77723253834867,0.637057036326552,"litter_feces_litter_only","litter_feces",314
"3","18",5.72,22.6,0,"wax","light",18,29,20.1,20,107.451162790698,46.3282182098884,2.94220343201619,8.2290956976622,0,3.29346337165262,"litter_feces_litter_only","litter_feces",314
"3","19",6.04,22.1,0,"wax","light",19,19,19.2,21,6.83488372093023,12.7437063332247,0.335024624375566,0.710578060655971,0.48913333653193,0.555517467852252,"litter_only_litter_only","litter_only",314
"3","20",5.77,22.5,0,"wax","light",20,21,19.4,21,7.93404255319149,28.2747152553077,2.17336487094918,5.89172909134764,0,2.37609596936152,"litter_feces_litter_only","litter_feces",314
"3","21",5.63,23.3,0,"wax","light",21,31,20.7,21,99.438,21.1761966464628,17.3525574676575,4.44089917114304,0,1.63004022560352,"litter_feces_litter_only","litter_feces",314
"3","22",NA,NA,0,"wax","shade",22,26,19,22,5.09,19.8490093992532,0.335024624375566,0,0,0.826192405882071,"litter_only_litter_only","litter_only",314
"3","23",5.7,22.7,0,"wax","light",23,41,20.1,18,8.988,23.7487188117972,0.841856748430909,0.479715860896988,0.459584700448163,0.469934827849015,"litter_only_litter_only","litter_only",314
"3","24",5.8,22.4,0,"wax","shade",24,44,21.6,22,5.708,16.3690866562623,0.545488811483293,0.506079855871977,1.117041853312,0.72639554352713,"litter_only_litter_only","litter_only",314
"3","25",5.99,22.4,0,"bromeliad","light",25,48,20.7,25,4.80408163265306,6.98388927845739,0.528308061515315,2.29882174689571,0,0.752540235381892,"litter_only_litter_feces","litter_only",314
"3","26",5.88,22.1,1,"bromeliad","light",26,46,18.5,21,7.54318181818182,26.3427733077123,1.12963431039454,3.89370074281116,0.186259816673308,2.74647414207532,"litter_feces_litter_feces","litter_feces",314
"3","27",5.95,22.5,1,"bromeliad","light",27,39,18,23,18.0081632653061,30.1498358026261,1.73955093425775,4.43926249919009,0.629489357929829,2.01505648626435,"litter_feces_litter_feces","litter_feces",314
"3","28",5.85,22.6,0,"bromeliad","light",28,25,16.1,19,14.578,26.2754706794089,0.614211811355204,1.82733748215551,1.98133945876222,0.815950842156817,"litter_only_litter_feces","litter_only",314
"3","29",NA,NA,0,"bromeliad","shade",29,28,17.7,19,7.04285714285714,26.0693417380221,0.579850311419248,1.36387193325719,1.47901264533816,0.746399662464352,"litter_feces_litter_feces","litter_feces",314
"3","30",5.85,22.3,0,"bromeliad","shade",30,22,16.4,22,2.54827586206897,20.2769044714823,0.511127311547337,0.602459745851042,2.02566241288787,0.46704612636811,"litter_only_litter_feces","litter_only",314
"3","31",6.01,22.7,0,"bromeliad","light",31,46,20.9,25,3.1468085106383,14.0068932186029,0.390862061771494,1.04243258953414,0.769845379327728,0.614668211669131,"litter_only_litter_feces","litter_only",314
"3","32",5.95,22.6,0,"bromeliad","light",32,28,18.2,18,7.34565217391304,28.5624512587044,0.987893123158719,4.24541688978449,0.223195611778017,1.41748999352381,"litter_feces_litter_feces","litter_feces",314
"3","33",6.06,21.9,0,"bromeliad","shade",33,33,20.4,23,10.1255319148936,23.5339620447735,1.73525574676575,6.0292314792467,0,2.2122960452231,"litter_feces_litter_feces","litter_feces",314
"3","34",5.97,21.8,0,"bromeliad","shade",34,24,17.8,18,3.238,17.8917030944585,0.420928374215455,0.771280455515883,1.14659048939577,2.37237341849407,"litter_only_litter_feces","litter_only",314
"3","35",5.77,22.1,0,"bromeliad","light",35,16,17.2,19,11.35,10.443121284604,0.584145498911243,0.509992664147265,2.11430832113918,0.888889166369242,"litter_only_litter_feces","litter_only",314
"3","36",5.54,21.9,0,"bromeliad","shade",36,48,19.5,22,6.96666666666667,25.8072624747228,1.21553806023442,5.25924973349317,0.215808452757076,1.69698990814667,"litter_feces_litter_feces","litter_feces",314
"3","37",5.72,22.7,4,"bromeliad","shade",37,36,18.5,23,2.90612244897959,19.5707422087309,0.987893123158719,2.88302091001748,0.245357088840844,0.772040358558409,"litter_only_litter_feces","litter_only",314
"3","38",5.74,22.7,0,"bromeliad","light",38,38,19.2,21,8.69583333333333,23.6992022014132,0.227644937075705,0.562869442456602,1.37559241904498,0.414973534087695,"litter_only_litter_feces","litter_only",314
"3","39",5.81,23,0,"bromeliad","light",39,50,19.8,22,5.23111111111111,25.5637646276864,1.0007786856347,2.64454204856273,0.245357088840844,1.3352296378597,"litter_feces_litter_feces","litter_feces",314
"3","40",5.86,22,0,"bromeliad","light",40,47,19,24,16.64375,17.170574122005,0.309253499423599,0.839169002556978,1.90008070953186,0.573787255356602,"litter_only_litter_feces","litter_only",314
"3","41",5.44,22.2,0,"bromeliad","shade",41,23,18.3,20,15.1815789473684,26.290853780851,1.55485787210198,5.1934442234831,0.466971859469104,1.95121229663121,"litter_feces_litter_feces","litter_feces",314
"3","42",5.94,22.5,0,"bromeliad","shade",42,64,21.9,28,2.18163265306122,26.9888796832274,0.528308061515315,1.47190162619821,1.34604378296121,0.759618386918355,"litter_only_litter_feces","litter_only",314
"3","43",5.9,22.7,0,"bromeliad","shade",43,55,21.6,20,14.365306122449,25.66257171814,1.21983324772642,2.3532307197306,0.806781174432438,1.21779531594237,"litter_feces_litter_feces","litter_feces",314
"3","44",5.93,22.3,1,"bromeliad","light",44,52,20.7,19,4.298,21.0781466594682,0.541193623991299,1.99571182674227,0.932362877788453,1.11357971847906,"litter_feces_litter_feces","litter_feces",314
"3","45",6.73,22.4,0,"bromeliad","light",45,47,21.2,24,29.4367346938776,24.6882377987786,0.91057974830282,3.08793702451108,0,1.74285151460706,"litter_feces_litter_feces","litter_feces",314
"3","46",5.99,22.1,0,"bromeliad","shade",46,37,18.6,20,2.418,12.7189574501291,0.730181873639054,1.25099239095278,1.08749321722824,0.864050775810782,"litter_only_litter_feces","litter_only",314
"3","47",5.99,21.9,1,"bromeliad","shade",47,38,21.1,24,8.86444444444444,22.9002684056908,0.837561560938915,3.35025047883173,0.48913333653193,1.35877283256515,"litter_feces_litter_feces","litter_feces",314
"3","48",5.82,22,0,"bromeliad","shade",48,40,21.3,21,4.8063829787234,18.7612697426552,0.622802186339193,2.13827301885952,1.37559241904498,1.91342017506375,"litter_only_litter_feces","litter_only",314
"4","1",NA,NA,0,"wax","shade",1,23,19.4,21,NA,NA,0.975706759050538,NA,0,NA,"litter_only_litter_only","litter_only",323
"4","2",NA,NA,0,"wax","shade",2,49,19.9,23,8.77551020408163,8.09192377461902,0.641339365616128,1.7471063670921,0.714782447491123,1.1669347279482,"litter_feces_litter_only","litter_feces",323
"4","3",NA,NA,0,"wax","shade",3,36,18.7,22,4.20212765957447,7.78094033253922,1.31536401828847,2.40922352543205,0,0.784147579483607,"litter_feces_litter_only","litter_feces",323
"4","4",NA,NA,2,"wax","shade",4,37,18.7,22,1.75531914893617,2.62160155548432,0.704760387075892,2.20435710823244,0,0.509157242799665,"litter_only_litter_only","litter_only",323
"4","5",NA,NA,1,"wax","light",5,18,17.3,17,4.38888888888889,3.73039015300647,0.941951102470014,2.47270321727971,5.32632284518087,0.727668129668986,"litter_only_litter_only","litter_only",323
"4","6",NA,NA,0,"wax","shade",6,44,21.5,24,4.5,11.0972022763622,1.11111827036144,5.18968203424141,1.04928143069639,1.03612787155502,"litter_feces_litter_only","litter_feces",323
"4","7",NA,NA,0,"wax","light",7,20,20.6,18,4.81,29.4690526352249,2.09790021472319,7.05864024132662,0,1.90662146394487,"litter_feces_litter_only","litter_feces",323
"4","8",NA,NA,0,"wax","light",8,25,18.6,19,8.57608695652174,6.5152106914115,0.831023386757052,1.59485009935222,0.728569015815862,0.623421272975756,"litter_only_litter_only","litter_only",323
"4","9",NA,NA,0,"wax","shade",9,27,20.1,23,14.06,10.3852750173798,0.914611050628445,2.87484548966901,0.711520753553389,0.74538090154055,"litter_feces_litter_only","litter_feces",323
"4","10",NA,NA,0,"wax","shade",10,31,16.8,21,NA,NA,NA,NA,NA,NA,"litter_only_litter_only","litter_only",323
"4","11",NA,NA,0,"wax","light",11,20,17.6,17,NA,NA,NA,NA,NA,NA,"litter_feces_litter_only","litter_feces",323
"4","12",NA,NA,0,"wax","light",12,28,18.1,23,5.25,2.13287014314254,0.360860938174833,0.83962487921282,0.231580269579171,0.327874537107354,"litter_only_litter_only","litter_only",323
"4","13",NA,NA,0,"wax","light",13,29,18.7,19,10.5263157894737,5.12173880680211,1.00358872219912,2.52889804473164,1.50574546246654,0.721197796715087,"litter_only_litter_only","litter_only",323
"4","14",NA,NA,0,"wax","light",14,54,21,24,76.32,14.3729221314568,1.63213185376594,3.60499786813836,0,1.66215249470638,"litter_feces_litter_only","litter_feces",323
"4","15",NA,NA,0,"wax","shade",15,20,18.5,19,5.08888888888889,5.58931943206274,0.558518789418558,1.23123018555188,0.649692689828788,0.503522193395748,"litter_feces_litter_only","litter_feces",323
"4","16",NA,NA,3,"wax","shade",16,35,18.2,24,2.28,1.3283469446104,0.818527621083651,2.15014480897945,0.927796495436223,0.669622523198147,"litter_only_litter_only","litter_only",323
"4","17",NA,NA,1,"wax","shade",17,28,19.3,22,7.62962962962963,10.0475217215163,0.82795503606176,3.16795874277214,1.00166739291943,0.919437855841022,"litter_feces_litter_only","litter_feces",323
"4","18",NA,NA,0,"wax","light",18,29,20.1,20,76.5,36.274701228854,2.87135920701768,8.17621580181081,0,2.53128875132751,"litter_feces_litter_only","litter_feces",323
"4","19",NA,NA,0,"wax","light",19,19,19.2,21,3.86842105263158,2.558011567391,0.672972520627802,1.51414602339062,1.82094333711812,0.522853327145403,"litter_only_litter_only","litter_only",323
"4","20",NA,NA,0,"wax","light",20,21,19.4,21,11.03125,22.9467406952108,1.53270398365206,3.1787197511969,0,1.24991574312398,"litter_feces_litter_only","litter_feces",323
"4","21",NA,NA,0,"wax","light",21,31,20.7,21,23.75,7.32636423956532,0.697479523682834,1.16345286096864,0.267458902894254,0.563837169738869,"litter_feces_litter_only","litter_feces",323
"4","22",NA,NA,0,"wax","shade",22,26,19,22,2.125,9.88515644111148,0.77914946836967,2.10456162836928,0.854357961230101,0.658770066165305,"litter_only_litter_only","litter_only",323
"4","23",NA,NA,0,"wax","light",23,41,20.1,18,13.1739130434783,6.7746225681565,0.812572494620263,1.67858223459383,0,0.65329163242701,"litter_only_litter_only","litter_only",323
"4","24",NA,NA,1,"wax","shade",24,44,21.6,22,2.1734693877551,2.5527063126865,0.570476299818631,0.59381246492446,0.700280179358767,0.520375136385625,"litter_only_litter_only","litter_only",323
"4","25",NA,NA,0,"bromeliad","light",25,48,20.7,25,22.7142857142857,4.77637800364829,0.707216361533777,1.49527866186358,0,1.14692181175572,"litter_only_litter_feces","litter_only",323
"4","26",NA,NA,0,"bromeliad","light",26,46,18.5,21,4.19791666666667,31.0350675155553,1.75910821413936,8.36740168526882,0,2.12591231458384,"litter_feces_litter_feces","litter_feces",323
"4","27",NA,NA,2,"bromeliad","light",27,39,18,23,68.13,15.3715426566691,2.18389012607091,9.11769797316896,0,2.84196565786395,"litter_feces_litter_feces","litter_feces",323
"4","28",NA,NA,0,"bromeliad","light",28,25,16.1,19,4.3,11.9300786289638,0.921817793057424,3.68824109101111,0,0.998144271940068,"litter_only_litter_feces","litter_only",323
"4","29",NA,NA,0,"bromeliad","shade",29,28,17.7,19,2.59574468085106,7.41134575837709,0.695689652443914,2.08356237706029,0,1.07578203826993,"litter_feces_litter_feces","litter_feces",323
"4","30",NA,NA,0,"bromeliad","shade",30,22,16.4,22,8.525,8.85640179501672,1.56472068250064,3.88985540655621,0.329431087711215,1.47259993318475,"litter_only_litter_feces","litter_only",323
"4","31",NA,NA,0,"bromeliad","light",31,46,20.9,25,7.52,2.62586730484387,0.92150837018459,2.93507307986216,0,1.32583073713201,"litter_only_litter_feces","litter_only",323
"4","32",NA,NA,0,"bromeliad","light",32,28,18.2,18,33.53,21.0523601949082,1.55940479576544,7.03547524706402,0,1.84184449841077,"litter_feces_litter_feces","litter_feces",323
"4","33",NA,NA,0,"bromeliad","shade",33,33,20.4,23,22.14,20.3249995144749,1.65400777694415,6.78899070565212,0,1.88546314742963,"litter_feces_litter_feces","litter_feces",323
"4","34",NA,NA,0,"bromeliad","shade",34,24,17.8,18,7.33,21.6502512904405,0.960401994606802,3.36164991996964,0,1.17916595152301,"litter_only_litter_feces","litter_only",323
"4","35",NA,NA,0,"bromeliad","light",35,16,17.2,19,14.25,16.4710165894848,1.13912442542197,3.67367136221964,0.257673821081049,1.53860216415366,"litter_only_litter_feces","litter_only",323
"4","36",NA,NA,0,"bromeliad","shade",36,48,19.5,22,2.98,2.925784136042,0.551951286717765,1.53955144139834,0.588172055400906,0.864862339345566,"litter_feces_litter_feces","litter_feces",323
"4","37",NA,NA,3,"bromeliad","shade",37,36,18.5,23,28.57,13.2491579656153,1.9348160212408,8.22773959256964,0,2.92445539526962,"litter_only_litter_feces","litter_only",323
"4","38",NA,NA,0,"bromeliad","light",38,38,19.2,21,6.24,9.01539379928724,0.732106908425721,3.80840452267956,0,1.14723504308697,"litter_only_litter_feces","litter_only",323
"4","39",NA,NA,0,"bromeliad","light",39,50,19.8,22,66.66,14.4010024550503,1.88695264664147,8.06745165251899,0,2.43614703401358,"litter_feces_litter_feces","litter_feces",323
"4","40",NA,NA,0,"bromeliad","light",40,47,19,24,50.0952380952381,27.1886454430856,1.35135047296007,8.19818590340935,0,1.58065465651631,"litter_only_litter_feces","litter_only",323
"4","41",NA,NA,0,"bromeliad","shade",41,23,18.3,20,21.6,26.87909916457,1.85567617197592,13.6523352488315,0,2.58208094651634,"litter_feces_litter_feces","litter_feces",323
"4","42",NA,NA,0,"bromeliad","shade",42,64,21.9,28,12.5816326530612,8.44137884461912,1.27292398438746,5.36503558990057,0,1.5978730360593,"litter_only_litter_feces","litter_only",323
"4","43",NA,NA,2,"bromeliad","shade",43,55,21.6,20,37.85,8.6183132556652,2.02665360508879,8.26136687209099,0,2.77846927754499,"litter_feces_litter_feces","litter_feces",323
"4","44",NA,NA,0,"bromeliad","light",44,52,20.7,19,22.44,15.4172681813834,1.05597403236905,4.80936747631582,0,1.40743298576582,"litter_feces_litter_feces","litter_feces",323
"4","45",NA,NA,0,"bromeliad","light",45,47,21.2,24,75.08,23.7773858251755,1.71063246330262,8.09760278801131,0,2.66626579635369,"litter_feces_litter_feces","litter_feces",323
"4","46",NA,NA,0,"bromeliad","shade",46,37,18.6,20,3.09375,14.9569532414003,0.866747676029114,3.86119788689397,0,1.49683524323209,"litter_only_litter_feces","litter_only",323
"4","47",NA,NA,0,"bromeliad","shade",47,38,21.1,24,7.10204081632653,15.3478857780632,1.32024910371346,3.91227359290378,0,1.93221099520247,"litter_feces_litter_feces","litter_feces",323
"4","48",NA,NA,0,"bromeliad","shade",48,40,21.3,21,5.05,12.1377484284735,0.588186967772375,2.80019055781923,0.254412127143315,0.99566608118029,"litter_only_litter_feces","litter_only",323
"5","1",NA,NA,0,"wax","shade",1,23,19.4,21,1.10333333333333,0.458784766029742,0.450932876472514,1.16144724131895,1.45602341815641,0.575694754208461,"litter_only_litter_only","litter_only",328
"5","2",NA,NA,0,"wax","shade",2,49,19.9,23,12.3,1.59110101830515,0.228820823785196,0.173597243104451,1.24580492714037,0.550814657385248,"litter_feces_litter_only","litter_feces",328
"5","3",NA,NA,0,"wax","shade",3,36,18.7,22,12.8,2.09044411860208,0.281653878268035,0.330896792406982,0.969106609490293,0.49139560887482,"litter_feces_litter_only","litter_feces",328
"5","4",NA,NA,0,"wax","shade",4,37,18.7,22,1.012,0.246206216584942,0.148244494565675,0.673592505920295,0.86578403703393,0.212139387071627,"litter_only_litter_only","litter_only",328
"5","5",NA,NA,0,"wax","light",5,18,17.3,17,NA,NA,NA,NA,NA,NA,"litter_only_litter_only","litter_only",328
"5","6",NA,NA,0,"wax","shade",6,44,21.5,24,22.45,4.88805913533357,0.278858225843091,1.10695504208947,1.18999599481294,0.705772552293436,"litter_feces_litter_only","litter_feces",328
"5","7",NA,NA,1,"wax","light",7,20,20.6,18,26.7366666666667,4.5274136324202,1.17630938091261,1.93501909620649,1.39955675516788,0.964040830600079,"litter_feces_litter_only","litter_feces",328
"5","8",NA,NA,0,"wax","light",8,25,18.6,19,18.9678571428571,0.283300773265496,0.388362430549037,0.366909334000429,1.88751416115905,0.355219098284054,"litter_only_litter_only","litter_only",328
"5","9",NA,NA,0,"wax","shade",9,27,20.1,23,3.12173913043478,2.1760756749263,0.454830202250268,0.917047860800516,1.08124471573745,0.358166297315887,"litter_feces_litter_only","litter_feces",328
"5","10",NA,NA,0,"wax","shade",10,31,16.8,21,NA,NA,NA,NA,NA,NA,"litter_only_litter_only","litter_only",328
"5","11",NA,NA,0,"wax","light",11,20,17.6,17,NA,NA,NA,NA,NA,NA,"litter_feces_litter_only","litter_feces",328
"5","12",NA,NA,1,"wax","light",12,28,18.1,23,11.4033333333333,0.276465190031485,0.44679863054481,0.512218201225175,1.54045832037249,0.473188858925876,"litter_only_litter_only","litter_only",328
"5","13",NA,NA,0,"wax","light",13,29,18.7,19,74.440625,0.193522564418207,0.390245940396678,0.344712839585038,0.926265771453235,0.417266104510493,"litter_only_litter_only","litter_only",328
"5","14",NA,NA,0,"wax","light",14,54,21,24,52.2366666666667,10.3972000384532,0.986394691092107,0.284513608602591,0,1.21869788793798,"litter_feces_litter_only","litter_feces",328
"5","15",NA,NA,0,"wax","shade",15,20,18.5,19,4.27931034482759,0.734567559891675,0.224686577857493,0.112903522501984,1.61596968613096,0.339435991608996,"litter_feces_litter_only","litter_feces",328
"5","16",NA,NA,0,"wax","shade",16,35,18.2,24,2.95172413793103,0.459092927329608,0.297385333469022,0.365454124006928,2.1186720306635,0.327059791460554,"litter_only_litter_only","litter_only",328
"5","17",NA,NA,0,"wax","shade",17,28,19.3,22,3.03666666666667,0.990998430937628,0.13383978685995,0.204709169737285,1.94453055214186,0.187438065385273,"litter_feces_litter_only","litter_feces",328
"5","18",NA,NA,0,"wax","light",18,29,20.1,20,54.3866666666667,18.8398520769361,0.924049319311082,0.937759176154524,0,1.39237331890043,"litter_feces_litter_only","litter_feces",328
"5","19",NA,NA,0,"wax","light",19,19,19.2,21,35.6863636363636,0.701391945934631,0.265152432579714,0,1.37982483533485,0.355180789326155,"litter_only_litter_only","litter_only",328
"5","20",NA,NA,0,"wax","light",20,21,19.4,21,7.58666666666667,0.217637462356993,0.418534131478242,0.159781195926396,1.05195118638703,0.507319181728839,"litter_feces_litter_only","litter_feces",328
"5","21",NA,NA,0,"wax","light",21,31,20.7,21,25.172,2.39057167462237,0.36018085353495,0,0.966564031911382,0.535261404457581,"litter_feces_litter_only","litter_feces",328
"5","22",NA,NA,0,"wax","shade",22,26,19,22,0.936666666666667,0.506092232427717,0.237077469633105,0.646886704628055,1.41469438917386,0.386210677265691,"litter_only_litter_only","litter_only",328
"5","23",NA,NA,0,"wax","light",23,41,20.1,18,6.49130434782609,0.18208060022199,0.287257023780969,0.0180376099402808,0.89959333594656,0.776712234225907,"litter_only_litter_only","litter_only",328
"5","24",NA,NA,0,"wax","shade",24,44,21.6,22,1.202,1.65461342402215,0.254917508824185,0,1.32760890671205,0.414101821383902,"litter_only_litter_only","litter_only",328
"5","25",NA,NA,0,"bromeliad","light",25,48,20.7,25,18.451724137931,5.56871017355441,0.545984989442744,0.439788535621902,0,1.06960885178819,"litter_only_litter_feces","litter_only",328
"5","26",NA,NA,0,"bromeliad","light",26,46,18.5,21,12.0379310344828,17.5455953887906,0.98426241508702,1.7897701671175,0.398255558692714,1.33056893607401,"litter_feces_litter_feces","litter_feces",328
"5","27",NA,NA,0,"bromeliad","light",27,39,18,23,5.28666666666667,11.8836250358465,0.592373831880331,1.74164877737608,0.232939442762534,1.06965993039872,"litter_feces_litter_feces","litter_feces",328
"5","28",NA,NA,0,"bromeliad","light",28,25,16.1,19,5.20333333333333,1.05120821653085,0.208824816574034,0,1.27501994022596,0.215239821935054,"litter_only_litter_feces","litter_only",328
"5","29",NA,NA,0,"bromeliad","shade",29,28,17.7,19,31.32,3.51044629367544,0.335908448306116,0.852874307921327,0.856762326710164,0.64423633217231,"litter_feces_litter_feces","litter_feces",328
"5","30",NA,NA,0,"bromeliad","shade",30,22,16.4,22,2.81379310344828,2.45270202242064,0.257120860874257,0.263142973755222,1.54899899016614,0.289803494488898,"litter_only_litter_feces","litter_only",328
"5","31",NA,NA,0,"bromeliad","light",31,46,20.9,25,46.2444444444444,1.83101878873222,0.374384179113219,0.0439642154676425,1.34273671191737,0.47938972865273,"litter_only_litter_feces","litter_only",328
"5","32",NA,NA,0,"bromeliad","light",32,28,18.2,18,41.5033333333333,8.03371927317549,0.63681993443279,1.34802889391232,0.540325305396884,1.08823700027402,"litter_feces_litter_feces","litter_feces",328
"5","33",NA,NA,0,"bromeliad","shade",33,33,20.4,23,14.6866666666667,12.2848980585507,1.04485458310288,3.45962337748687,1.30798498954584,1.40830966140708,"litter_feces_litter_feces","litter_feces",328
"5","34",NA,NA,0,"bromeliad","shade",34,24,17.8,18,4.41111111111111,6.30383731833733,0.226807007855083,0,1.39609141173138,0.448308762102662,"litter_only_litter_feces","litter_only",328
"5","35",NA,NA,0,"bromeliad","light",35,16,17.2,19,14.8428571428571,1.91134934441419,0.327876876600658,0.899542197870578,1.33175163841097,0.557028296764735,"litter_only_litter_feces","litter_only",328
"5","36",NA,NA,0,"bromeliad","shade",36,48,19.5,22,3.67,2.37052872284702,0.147972036393234,0,0.78274311240488,0.526075026740995,"litter_feces_litter_feces","litter_feces",328
"5","37",NA,NA,0,"bromeliad","shade",37,36,18.5,23,13.62,6.02245158644086,0.657017323771408,0.813596175768048,0,1.20327233153664,"litter_only_litter_feces","litter_only",328
"5","38",NA,NA,0,"bromeliad","light",38,38,19.2,21,14.2625,5.65611910327197,0.335967678343603,0.225450454159174,0,0.696892646240039,"litter_only_litter_feces","litter_only",328
"5","39",NA,NA,0,"bromeliad","light",39,50,19.8,22,29.212,11.0437665385863,1.01446965403872,2.89049675673587,0,1.52027009711154,"litter_feces_litter_feces","litter_feces",328
"5","40",NA,NA,0,"bromeliad","light",40,47,19,24,34.3115384615385,11.1803070068708,0.899551839939796,1.33810778771957,0,1.29965397500817,"litter_only_litter_feces","litter_only",328
"5","41",NA,NA,0,"bromeliad","shade",41,23,18.3,20,7.00357142857143,3.82708695031462,0.380319012836082,0.330642055330003,0.854033230199606,0.815002873060822,"litter_feces_litter_feces","litter_feces",328
"5","42",NA,NA,0,"bromeliad","shade",42,64,21.9,28,36.3884615384615,10.743249890999,0.963875489628442,1.79002490419448,1.12803193774111,1.39899558716416,"litter_only_litter_feces","litter_only",328
"5","43",NA,NA,0,"bromeliad","shade",43,55,21.6,20,32.262962962963,8.01282965581396,1.51320894161638,3.1446823826416,0,2.04534177915714,"litter_feces_litter_feces","litter_feces",328
"5","44",NA,NA,0,"bromeliad","light",44,52,20.7,19,21.0724137931035,9.86014605887598,0.794016037056589,0.834801980742076,0.257736860152061,1.59168225619142,"litter_feces_litter_feces","litter_feces",328
"5","45",NA,NA,1,"bromeliad","light",45,47,21.2,24,49.190625,12.9478220226758,0.974252565473941,2.40262703680328,0,1.70370654015905,"litter_feces_litter_feces","litter_feces",328
"5","46",NA,NA,0,"bromeliad","shade",46,37,18.6,20,3.17692307692308,6.19762430595146,0.529957384054321,0.32556162596211,0.642607280528186,0.988933697075925,"litter_only_litter_feces","litter_only",328
"5","47",NA,NA,0,"bromeliad","shade",47,38,21.1,24,14.5033333333333,10.5183822330049,0.67913376098016,0.636995567503189,0.578365681073924,1.11315540605513,"litter_feces_litter_feces","litter_feces",328
"5","48",NA,NA,0,"bromeliad","shade",48,40,21.3,21,6.82,3.84044995548277,0.321764352765334,0.3706394451124,0.795053476034151,0.690730085471083,"litter_only_litter_feces","litter_only",328
"6","1",5.78,23.1,0,"wax","shade",1,23,19.4,21,2.21086956521739,1.49859499382734,0.428429453313002,1.55208741394704,0.844052525870415,0.367807093660035,"litter_only_litter_only","litter_only",335
"6","2",5.79,21.6,0,"wax","shade",2,49,19.9,23,4.23260869565217,1.70369636663401,0.369194569980718,1.19652188965505,0.852248039640903,0.386310262940473,"litter_feces_litter_only","litter_feces",335
"6","3",5.78,23.5,1,"wax","shade",3,36,18.7,22,7.51590909090909,2.17505336463423,0.302227580560856,1.32045202515479,0.844290075146594,0.206853332605618,"litter_feces_litter_only","litter_feces",335
"6","4",5.67,22.1,0,"wax","shade",4,37,18.7,22,1.044,1.00275929688068,0.360823696303235,1.11738570337744,0.783107953967705,0.267265270007856,"litter_only_litter_only","litter_only",335
"6","5",5.48,22.6,0,"wax","light",5,18,17.3,17,1.69375,1.2403386605947,0.421895149104318,1.55319481597735,0.903222591755892,0.251616715253042,"litter_only_litter_only","litter_only",335
"6","6",NA,NA,0,"wax","shade",6,44,21.5,24,NA,NA,NA,NA,NA,NA,"litter_feces_litter_only","litter_feces",335
"6","7",5.54,22.3,0,"wax","light",7,20,20.6,18,18.61875,1.99168897572425,0.927334988556706,2.02232174160404,0.550337513728452,0.699956491281307,"litter_feces_litter_only","litter_feces",335
"6","8",NA,NA,0,"wax","light",8,25,18.6,19,21.0428571428571,0.90051945362414,0.444352807855357,1.16494656091087,1.08319770697737,0.20933816403151,"litter_only_litter_only","litter_only",335
"6","9",5.88,21.3,0,"wax","shade",9,27,20.1,23,10.65,0.961758695969475,0.257132637836073,1.02827651176912,0.990900796174071,0.206886949251048,"litter_feces_litter_only","litter_feces",335
"6","10",NA,NA,0,"wax","shade",10,31,16.8,21,NA,NA,NA,NA,NA,NA,"litter_only_litter_only","litter_only",335
"6","11",NA,NA,0,"wax","light",11,20,17.6,17,NA,NA,NA,NA,NA,NA,"litter_feces_litter_only","litter_feces",335
"6","12",5.4,23,0,"wax","light",12,28,18.1,23,14.3340425531915,1.17631520822039,0.340508701932462,0.58107104744652,0.992489578870861,0.301114444234237,"litter_only_litter_only","litter_only",335
"6","13",NA,NA,0,"wax","light",13,29,18.7,19,NA,NA,NA,NA,NA,NA,"litter_only_litter_only","litter_only",335
"6","14",5.83,22.4,0,"wax","light",14,54,21,24,52.8583333333333,1.11648931837916,0.574587069990511,1.11184549969693,0.810068017618991,0.602235665509322,"litter_feces_litter_only","litter_feces",335
"6","15",5.84,23.3,0,"wax","shade",15,20,18.5,19,5.65581395348837,1.42970979764712,0.223343048214676,1.31459587711261,1.37606061485591,0.199129905164502,"litter_feces_litter_only","litter_feces",335
"6","16",NA,NA,1,"wax","shade",16,35,18.2,24,6.365625,0.964938739103707,0.311390269283977,1.21867951084815,1.287138110907,3.85978234326362,"litter_only_litter_only","litter_only",335
"6","17",5.78,21.3,0,"wax","shade",17,28,19.3,22,3.275,0.75219141246215,0.240850032848307,1.198184589465,0.810032868873797,0.20718949905992,"litter_feces_litter_only","litter_feces",335
"6","18",5.71,22.4,0,"wax","light",18,29,20.1,20,19.8166666666667,5.87980836248476,0.549627496413796,1.52937449497431,0.47545391938534,0.597400469239259,"litter_feces_litter_only","litter_feces",335
"6","19",NA,NA,0,"wax","light",19,19,19.2,21,30.2636363636364,0.674472763131284,0.314018653798414,1.337624740447,1.24997047819181,0.17790658794016,"litter_only_litter_only","litter_only",335
"6","20",5.6,22.7,0,"wax","light",20,21,19.4,21,31.6265306122449,0.641245600992651,0.355234254595923,1.00366473309744,0.998500226491966,0.338793115703717,"litter_feces_litter_only","litter_feces",335
"6","21",5.71,21.8,0,"wax","light",21,31,20.7,21,14.134,5.1187345597434,0.141133628405284,0.467825590473488,0.685974397583649,0.254471329778665,"litter_feces_litter_only","litter_feces",335
"6","22",5.8,22.8,0,"wax","shade",22,26,19,22,0.9,1.18223696640437,0.293424142283146,0.834072599763226,0.67450143125418,0.25970992579389,"litter_only_litter_only","litter_only",335
"6","23",5.35,21.7,0,"wax","light",23,41,20.1,18,7.42083333333333,1.04327907472817,0.377871538569667,0.868813759181983,1.28509939880857,0.36475077926183,"litter_only_litter_only","litter_only",335
"6","24",5.7,21.6,0,"wax","shade",24,44,21.6,22,1.37954545454545,1.41879881071955,0.369653712347918,1.60890641008624,3.44830877901556,0.275089547385263,"litter_only_litter_only","litter_only",335
"6","25",5.55,23.5,0,"bromeliad","light",25,48,20.7,25,26.9416666666667,8.01690674826148,0.422686964149956,0.983405971603294,0,0.612813707476062,"litter_only_litter_feces","litter_only",335
"6","26",5.02,23,0,"bromeliad","light",26,46,18.5,21,3.53863636363636,13.7623011835863,0.821554421243223,2.02303341480003,0,0.902819020457523,"litter_feces_litter_feces","litter_feces",335
"6","27",NA,NA,0,"bromeliad","light",27,39,18,23,NA,NA,NA,NA,NA,NA,"litter_feces_litter_feces","litter_feces",335
"6","28",5.73,23.1,0,"bromeliad","light",28,25,16.1,19,4.70232558139535,1.55249912548459,0.248455669247124,0.917561803218379,1.16218682753805,0.260012475602762,"litter_only_litter_feces","litter_only",335
"6","29",NA,NA,0,"bromeliad","shade",29,28,17.7,19,NA,NA,NA,NA,NA,NA,"litter_feces_litter_feces","litter_feces",335
"6","30",5.73,21.8,0,"bromeliad","shade",30,22,16.4,22,2.1,2.89273818954067,0.398798722763374,0.981743271793348,1.59827199857933,0.172667991924936,"litter_only_litter_feces","litter_only",335
"6","31",5.6,23.1,0,"bromeliad","light",31,46,20.9,25,6.49387755102041,2.64044610947124,0.306719112311064,1.06729090389277,1.32644285523171,0.312331202464151,"litter_only_litter_feces","litter_only",335
"6","32",5.6,24.9,0,"bromeliad","light",32,28,18.2,18,43.0613636363636,8.64555272551201,0.864786216732235,2.04455914726979,0.268160206336164,0.99456168401482,"litter_feces_litter_feces","litter_feces",335
"6","33",5.26,23.2,0,"bromeliad","shade",33,33,20.4,23,14.0893617021277,8.00198155700994,0.830231389832172,2.27532329392075,0,1.12357961929643,"litter_feces_litter_feces","litter_feces",335
"6","34",5.58,22.5,0,"bromeliad","shade",34,24,17.8,18,3.41363636363636,3.08793271652641,0.380526500851076,0.566192920687581,1.84042749329407,0.299234712426088,"litter_only_litter_feces","litter_only",335
"6","35",5.43,23.4,0,"bromeliad","light",35,16,17.2,19,66.8868421052632,2.98689375087784,0.424676581074488,1.00587953715806,0.956214758234473,0.509887902334282,"litter_only_litter_feces","litter_only",335
"6","36",5.41,21.7,0,"bromeliad","shade",36,48,19.5,22,22.49375,2.88332554507565,0.320985522607326,0.731352252371587,1.31327565996987,0.328080607155256,"litter_feces_litter_feces","litter_feces",335
"6","37",5.69,22.8,1,"bromeliad","shade",37,36,18.5,23,19.9818181818182,3.16659727358988,0.690681391518164,1.48244552616421,0,1.11471602624663,"litter_only_litter_feces","litter_only",335
"6","38",5.41,22.1,0,"bromeliad","light",38,38,19.2,21,8.65405405405405,1.10526748830478,0.23868079070107,0.934102629787264,0.914927548291358,0.322842011140031,"litter_only_litter_feces","litter_only",335
"6","39",5.62,21.9,0,"bromeliad","light",39,50,19.8,22,44.5594594594595,7.62627846280945,0.895920844072223,2.79691619850909,0,1.0398293163437,"litter_feces_litter_feces","litter_feces",335
"6","40",5.48,24.2,0,"bromeliad","light",40,47,19,24,20.3270833333333,4.64176664670599,0.364144003941521,0.799806953651447,1.11144426562906,0.351822372450919,"litter_only_litter_feces","litter_only",335
"6","41",5.71,22.1,0,"bromeliad","shade",41,23,18.3,20,4.25434782608696,3.38826304334054,0.81596497953591,0.899677414730173,0.800682963143501,0.510123218852293,"litter_feces_litter_feces","litter_feces",335
"6","42",5.35,23.1,0,"bromeliad","shade",42,64,21.9,28,18.3166666666667,12.3428451277368,0.888341785440379,2.5867299512429,0,0.982103910239931,"litter_only_litter_feces","litter_only",335
"6","43",5.7,23.1,0,"bromeliad","shade",43,55,21.6,20,9.00434782608696,6.52264373804777,0.707143621728635,1.74850613001356,0,1.04040079931601,"litter_feces_litter_feces","litter_feces",335
"6","44",5.65,22.8,0,"bromeliad","light",44,52,20.7,19,18.8340909090909,3.8837878971404,0.357097401831694,1.30739297362215,1.06423075656559,0.657409006896334,"litter_feces_litter_feces","litter_feces",335
"6","45",5.51,24.2,0,"bromeliad","light",45,47,21.2,24,33.9065217391304,9.02478920097277,0.975776816686748,2.77515430615031,0,1.13489722746264,"litter_feces_litter_feces","litter_feces",335
"6","46",5.48,22.1,0,"bromeliad","shade",46,37,18.6,20,2.43125,3.36343100626807,0.388411654394387,0.727079019666697,0.721693842582819,0.525872623543398,"litter_only_litter_feces","litter_only",335
"6","47",5.86,22.2,0,"bromeliad","shade",47,38,21.1,24,15.9488888888889,4.44890462337254,0.423758296340089,0.624674616636724,0.382475088974408,0.657946873223217,"litter_feces_litter_feces","litter_feces",335
"6","48",5.05,23.4,0,"bromeliad","shade",48,40,21.3,21,7.19166666666667,2.4651235075014,0.362227701171806,0.470436123368433,0.825323124734811,0.520835727400754,"litter_only_litter_feces","litter_only",335
"H0","T1",7.16,22.5,0,"bromeliad","light",49,52,20.7,19,13.0131578947368,16.0495770343525,0.127692828610269,6.78506478132782,50.8214598610017,0.155024301598051,"litter_feces",NA,NA
"H0","T2",7.21,22.4,0,"wax","light",50,54,21,24,14.0657894736842,16.9899989864887,0.231977282254665,5.87253895771754,111.663011759769,0.241099189467809,"litter_feces",NA,NA
"H0","T3",7.17,22.2,0,"bromeliad","light",51,55,21.6,20,2.34210526315789,17.8025201769914,0.204860793779253,5.65136028004348,115.061221205795,0.211075302147758,"litter_only",NA,NA
"H0","T4",7.19,22.3,0,"bromeliad","light",52,38,21.1,24,41.8428571428571,16.9112260451225,0.300718983712395,6.3868687622731,121.337896203123,0.314256405411998,"litter_only",NA,NA
"H1","T1",6.27,22.1,0,"bromeliad","light",49,52,20.7,19,11.0657894736842,54.0116216172493,0.907305291076755,10.406953985829,75.5982135744025,1.88662562752755,"litter_feces",NA,NA
"H1","T2",5.99,22.2,0,"wax","light",50,54,21,24,18.0694444444444,66.3443967431607,1.8619840482166,21.9984164509543,45.6787519860485,2.73663096350925,"litter_feces",NA,NA
"H1","T3",6.66,21.9,0,"bromeliad","light",51,55,21.6,20,3.78947368421053,37.2276087073985,0.650990752091948,10.1188906058613,77.9314993700279,1.16205555775594,"litter_only",NA,NA
"H1","T4",6.57,21.9,0,"bromeliad","light",52,38,21.1,24,12.9594594594595,34.4936725667483,0.617614665870002,11.0444953779975,86.0303946260447,0.9007294152826,"litter_only",NA,NA
"H4","T1",6.02,22.3,2,"bromeliad","light",49,52,20.7,19,35.3333333333333,58.4790555624112,1.87863413340953,12.6485522576215,49.6564833962514,2.84499206875291,"litter_feces",NA,NA
"H4","T2",6.08,22.1,0,"wax","light",50,54,21,24,26.9305555555556,51.6047935993377,3.72068275911398,15.6244852374369,40.9033529929279,3.04045101761505,"litter_feces",NA,NA
"H4","T3",6.48,22,0,"bromeliad","light",51,55,21.6,20,7.39473684210526,42.8325756633917,1.28876117443484,8.78574092877377,73.2090457017123,1.70961583689938,"litter_only",NA,NA
"H4","T4",6.51,22.1,0,"bromeliad","light",52,38,21.1,24,4.55405405405405,40.5078110445582,1.14282620252943,8.83751839502846,67.7688635329235,1.18606825672637,"litter_only",NA,NA
"H8","T1",6.25,22.4,1,"bromeliad","light",49,52,20.7,19,13.0263157894737,52.3093913020127,1.66196793103255,9.19415067397077,64.6016261030076,2.26315524996438,"litter_feces",NA,NA
"H8","T2",6.43,22.6,0,"wax","light",50,54,21,24,20.4625,41.5374662889214,3.45361080614167,9.23113708964347,49.9244700192856,2.95859672764227,"litter_feces",NA,NA
"H8","T3",6.77,22.3,0,"bromeliad","light",51,55,21.6,20,4.29166666666667,35.7814222824964,1.39521229404395,5.25899182426469,82.0925193180369,1.20163975990285,"litter_only",NA,NA
"H8","T4",6.66,22.6,0,"bromeliad","light",52,38,21.1,24,5.13513513513514,36.7060344846909,1.53258182320528,6.18430831631902,79.1245610094637,1.33088003082481,"litter_only",NA,NA
"H24","T1",6.09,21.7,0,"bromeliad","light",49,52,20.7,19,8.54166666666667,33.2966282868217,1.40453190669384,6.10080194162253,35.3262975710271,0.223827195400694,"litter_feces",NA,344
"H24","T2",6.42,21.8,0,"wax","light",50,54,21,24,29.5945945945946,20.7358935627451,1.32775025125045,7.02783240352767,4.80772678504326,0.263544095573092,"litter_feces",NA,344
"H24","T3",6.4,21.6,0,"bromeliad","light",51,55,21.6,20,2.45588235294118,19.5312866927755,0.642817211785826,3.30465491791099,7.05242867823517,0.233756420443794,"litter_only",NA,344
"H24","T4",6.46,21.7,0,"bromeliad","light",52,38,21.1,24,139.102564102564,19.3092487927758,0.539750695297711,1.65793021239593,1.3643001068274,0.422411696262678,"litter_only",NA,344
"H48","T1",5.99,21.1,2,"bromeliad","light",49,52,20.7,19,89.9615384615385,40.0535142519723,1.4827251597405,7.24710284928848,0.131576873300193,3.32474144623243,"litter_feces",NA,345
"H48","T2",6.41,20.7,0,"wax","light",50,54,21,24,49.9074074074074,21.4138246393746,1.37003804760022,3.97786997281817,0,3.58493394822101,"litter_feces",NA,345
"H48","T3",6.37,20.5,0,"bromeliad","light",51,55,21.6,20,12.0588235294118,19.6262519414614,0.687984474119592,2.71423031489171,1.77111060952988,1.39188286003156,"litter_only",NA,345
"H48","T4",6.34,20.4,0,"bromeliad","light",52,38,21.1,24,11.3714285714286,13.7392457659316,0.638560302128242,1.97227675427433,0.569022967782301,1.02482558044053,"litter_only",NA,345
